siparis_no,tarih,musteri_id,sehir,kategori,urun_adi,adet,birim_fiyat,tutar,odeme_yontemi,durum
S10001,2026-01-01,M0282,İstanbul,Kozmetik,Şampuan,1,159,159,Kredi Kartı,Tamamlandı
S10002,2026-01-01,M0096,İstanbul,Elektronik,Oyuncu Mouse,1,899,899,Kredi Kartı,Tamamlandı
S10003,2026-01-01,M0604,İstanbul,Elektronik,Akıllı Saat,1,3499,3499,Havale/EFT,Tamamlandı
S10003,2026-01-01,M0604,İstanbul,Kozmetik,Parfüm,1,1599,1599,Havale/EFT,Tamamlandı
S10004,2026-01-01,M0353,İzmir,Ev Yaşam,Tencere Seti,1,3299,3299,Havale/EFT,Tamamlandı
S10004,2026-01-01,M0353,İzmir,Spor,Dambıl Seti,2,1249,2498,Havale/EFT,Tamamlandı
S10005,2026-01-02,M0722,İstanbul,Kitap,Çocuk Kitabı,2,149,298,Banka Kartı,Tamamlandı
S10005,2026-01-02,M0722,İstanbul,Ev Yaşam,Tencere Seti,1,3299,3299,Banka Kartı,Tamamlandı
S10006,2026-01-02,M0687,İstanbul,Kozmetik,Parfüm,2,1599,3198,Kapıda Ödeme,Tamamlandı
S10006,2026-01-02,M0687,İstanbul,Giyim,Kazak,2,749,1498,Kapıda Ödeme,Tamamlandı
S10007,2026-01-02,M0702,İstanbul,Spor,Dambıl Seti,1,1249,1249,Havale/EFT,Tamamlandı
S10008,2026-01-02,M0581,Adana,Giyim,Kazak,1,749,749,Kredi Kartı,Tamamlandı
S10008,2026-01-02,M0581,Adana,Giyim,Tişört,1,349,349,Kredi Kartı,Tamamlandı
S10009,2026-01-03,M0225,Trabzon,Kozmetik,Güneş Kremi,1,459,459,Kredi Kartı,Tamamlandı
S10010,2026-01-03,M0697,Ankara,Kitap,Kişisel Gelişim Kitabı,4,229,916,Kredi Kartı,Tamamlandı
S10011,2026-01-03,M0012,Bursa,Kozmetik,Güneş Kremi,1,459,459,Kredi Kartı,Tamamlandı
S10011,2026-01-03,M0012,Bursa,Elektronik,Kablosuz Kulaklık,2,1299,2598,Kredi Kartı,Tamamlandı
S10012,2026-01-03,M0513,Antalya,Kozmetik,Güneş Kremi,1,459,459,Kredi Kartı,Tamamlandı
S10013,2026-01-03,M0383,Antalya,Ev Yaşam,Kahve Makinesi,1,2199,0,Kredi Kartı,İade
S10013,2026-01-03,M0383,Antalya,Kitap,Çocuk Kitabı,2,149,298,Kredi Kartı,Tamamlandı
S10014,2026-01-03,M0060,İstanbul,Kozmetik,Güneş Kremi,4,459,1836,Banka Kartı,Tamamlandı
S10015,2026-01-03,M0129,İstanbul,Giyim,Kazak,1,749,749,Kredi Kartı,Tamamlandı
S10016,2026-01-04,M0553,Bursa,Giyim,Spor Ayakkabı,1,1899,1899,Banka Kartı,Tamamlandı
S10016,2026-01-04,M0553,Bursa,Ev Yaşam,Nevresim Takımı,1,1149,0,Banka Kartı,İade
S10017,2026-01-04,M0568,İstanbul,Kozmetik,Parfüm,3,1599,4797,Kredi Kartı,Tamamlandı
S10018,2026-01-04,M0073,İzmir,Ev Yaşam,Masa Lambası,3,649,1947,Kredi Kartı,Tamamlandı
S10019,2026-01-04,M0249,Antalya,Elektronik,Bluetooth Hoparlör,1,1799,1799,Havale/EFT,Tamamlandı
S10020,2026-01-04,M0747,İstanbul,Elektronik,Tablet,2,8999,17998,Banka Kartı,Tamamlandı
S10020,2026-01-04,M0747,İstanbul,Elektronik,Bluetooth Hoparlör,1,1799,1799,Banka Kartı,Tamamlandı
S10021,2026-01-05,M0078,Ankara,Elektronik,Oyuncu Kulaklığı,2,1899,3798,Havale/EFT,Tamamlandı
S10022,2026-01-05,M0772,Adana,Elektronik,Akıllı Saat,1,3499,3499,Kredi Kartı,Tamamlandı
S10023,2026-01-06,M0400,İstanbul,Giyim,Kazak,4,749,2996,Havale/EFT,Tamamlandı
S10024,2026-01-06,M0736,Ankara,Elektronik,Tablet,1,8999,8999,Kredi Kartı,Tamamlandı
S10025,2026-01-06,M0052,İzmir,Elektronik,Oyuncu Kulaklığı,1,1899,1899,Kredi Kartı,Tamamlandı
S10025,2026-01-06,M0052,İzmir,Ev Yaşam,Masa Lambası,1,649,649,Kredi Kartı,Tamamlandı
S10026,2026-01-06,M0584,İstanbul,Giyim,Tişört,1,349,349,Banka Kartı,Tamamlandı
S10026,2026-01-06,M0584,İstanbul,Elektronik,Tablet,1,8999,8999,Banka Kartı,Tamamlandı
S10027,2026-01-06,M0688,İzmir,Kitap,Roman,2,189,378,Kredi Kartı,Tamamlandı
S10027,2026-01-06,M0688,İzmir,Elektronik,Bluetooth Hoparlör,1,1799,1799,Kredi Kartı,Tamamlandı
S10027,2026-01-06,M0688,İzmir,Giyim,Kot Pantolon,1,899,899,Kredi Kartı,Tamamlandı
S10028,2026-01-07,M0310,İzmir,Elektronik,Tablet,1,8999,8999,Kapıda Ödeme,Tamamlandı
S10028,2026-01-07,M0310,İzmir,Kitap,Roman,1,189,189,Kapıda Ödeme,Tamamlandı
S10029,2026-01-07,M0567,İstanbul,Giyim,Spor Ayakkabı,2,1899,3798,Kredi Kartı,Tamamlandı
S10030,2026-01-07,M0258,Adana,Giyim,Mont,1,2299,2299,Havale/EFT,Tamamlandı
S10031,2026-01-08,M0653,Trabzon,Kozmetik,Şampuan,1,159,159,Kredi Kartı,Tamamlandı
S10032,2026-01-08,M0708,Adana,Ev Yaşam,Kahve Makinesi,1,2199,2199,Kredi Kartı,Tamamlandı
S10032,2026-01-08,M0708,Adana,Kitap,Çocuk Kitabı,2,149,298,Kredi Kartı,Tamamlandı
S10033,2026-01-08,M0216,Bursa,Ev Yaşam,Tencere Seti,4,3299,13196,Banka Kartı,Tamamlandı
S10034,2026-01-08,M0243,Adana,Kitap,Roman,2,189,378,Kapıda Ödeme,Tamamlandı
S10034,2026-01-08,M0243,Adana,Kitap,Çocuk Kitabı,2,149,298,Kapıda Ödeme,Tamamlandı
S10035,2026-01-08,M0274,İstanbul,Elektronik,Bluetooth Hoparlör,1,1799,1799,Banka Kartı,Tamamlandı
S10036,2026-01-09,M0893,İstanbul,Giyim,Kazak,4,749,2996,Kredi Kartı,Tamamlandı
S10037,2026-01-09,M0657,Ankara,Giyim,Kot Pantolon,3,899,2697,Banka Kartı,Tamamlandı
S10037,2026-01-09,M0657,Ankara,Ev Yaşam,Tencere Seti,1,3299,3299,Banka Kartı,Tamamlandı
S10038,2026-01-09,M0354,Bursa,Ev Yaşam,Nevresim Takımı,1,1149,1149,Kredi Kartı,Tamamlandı
S10038,2026-01-09,M0354,Bursa,Kozmetik,Parfüm,3,1599,4797,Kredi Kartı,Tamamlandı
S10039,2026-01-10,M0737,Konya,Giyim,Kazak,3,749,2247,Banka Kartı,Tamamlandı
S10040,2026-01-10,M0680,Adana,Giyim,Tişört,1,349,349,Banka Kartı,Tamamlandı
S10041,2026-01-10,M0131,İstanbul,Kozmetik,Parfüm,1,1599,1599,Banka Kartı,Tamamlandı
S10042,2026-01-10,M0854,İstanbul,Ev Yaşam,Masa Lambası,1,649,649,Kredi Kartı,Tamamlandı
S10043,2026-01-10,M0219,İzmir,Kozmetik,Şampuan,1,159,159,Havale/EFT,Tamamlandı
S10043,2026-01-10,M0219,İzmir,Kozmetik,Parfüm,3,1599,4797,Havale/EFT,Tamamlandı
S10043,2026-01-10,M0219,İzmir,Giyim,Kazak,1,749,749,Havale/EFT,Tamamlandı
S10044,2026-01-10,M0487,İzmir,Kitap,Kişisel Gelişim Kitabı,2,229,458,Havale/EFT,Tamamlandı
S10045,2026-01-10,M0410,İstanbul,Kozmetik,Güneş Kremi,1,459,459,Banka Kartı,Tamamlandı
S10046,2026-01-10,M0181,Antalya,Ev Yaşam,Tencere Seti,1,3299,3299,Banka Kartı,Tamamlandı
S10047,2026-01-10,M0476,Bursa,Kitap,Çocuk Kitabı,1,149,149,Kapıda Ödeme,Tamamlandı
S10048,2026-01-11,M0562,Ankara,Ev Yaşam,Masa Lambası,2,649,1298,Kredi Kartı,Tamamlandı
S10048,2026-01-11,M0562,Ankara,Kozmetik,Nemlendirici Krem,1,399,399,Kredi Kartı,Tamamlandı
S10049,2026-01-11,M0731,İstanbul,Ev Yaşam,Kahve Makinesi,1,2199,2199,Kredi Kartı,Tamamlandı
S10050,2026-01-11,M0724,İstanbul,Ev Yaşam,Kahve Makinesi,2,2199,4398,Kredi Kartı,Tamamlandı
S10051,2026-01-11,M0789,İzmir,Kozmetik,Nemlendirici Krem,1,399,399,Banka Kartı,Tamamlandı
S10051,2026-01-11,M0789,İzmir,Kozmetik,Güneş Kremi,3,459,1377,Banka Kartı,Tamamlandı
S10052,2026-01-12,M0766,Bursa,Ev Yaşam,Nevresim Takımı,1,1149,1149,Havale/EFT,Tamamlandı
S10052,2026-01-12,M0766,Bursa,Kozmetik,Güneş Kremi,2,459,918,Havale/EFT,Tamamlandı
S10053,2026-01-12,M0131,Trabzon,Ev Yaşam,Masa Lambası,1,649,649,Kredi Kartı,Tamamlandı
S10053,2026-01-12,M0131,Trabzon,Spor,Yoga Matı,1,399,399,Kredi Kartı,Tamamlandı
S10053,2026-01-12,M0131,Trabzon,Ev Yaşam,Nevresim Takımı,3,1149,3447,Kredi Kartı,Tamamlandı
S10054,2026-01-12,M0852,Ankara,Kozmetik,Parfüm,3,1599,4797,Havale/EFT,Tamamlandı
S10055,2026-01-12,M0071,Antalya,Kitap,Roman,1,189,189,Banka Kartı,Tamamlandı
S10055,2026-01-12,M0071,Antalya,Elektronik,Oyuncu Mouse,1,899,899,Banka Kartı,Tamamlandı
S10056,2026-01-12,M0717,İstanbul,Kitap,Çocuk Kitabı,2,149,298,Kredi Kartı,Tamamlandı
S10056,2026-01-12,M0717,İstanbul,Giyim,Tişört,3,349,1047,Kredi Kartı,Tamamlandı
S10057,2026-01-13,M0733,İstanbul,Giyim,Spor Ayakkabı,1,1899,1899,Banka Kartı,Tamamlandı
S10057,2026-01-13,M0733,İstanbul,Spor,Dambıl Seti,1,1249,1249,Banka Kartı,Tamamlandı
S10058,2026-01-13,M0546,Ankara,Giyim,Kazak,2,749,1498,Kredi Kartı,Tamamlandı
S10059,2026-01-13,M0371,İzmir,Ev Yaşam,Masa Lambası,4,649,2596,Havale/EFT,Tamamlandı
S10059,2026-01-13,M0371,İzmir,Spor,Dambıl Seti,1,1249,1249,Havale/EFT,Tamamlandı
S10060,2026-01-13,M0749,İzmir,Kitap,Roman,1,189,189,Kredi Kartı,Tamamlandı
S10061,2026-01-13,M0584,İzmir,Spor,Yoga Matı,1,399,399,Kredi Kartı,Tamamlandı
S10062,2026-01-13,M0349,İstanbul,Ev Yaşam,Termos,1,449,449,Banka Kartı,Tamamlandı
S10062,2026-01-13,M0349,İstanbul,Giyim,Tişört,1,349,349,Banka Kartı,Tamamlandı
S10063,2026-01-14,M0729,Ankara,Giyim,Spor Ayakkabı,1,1899,1899,Havale/EFT,Tamamlandı
S10064,2026-01-14,M0485,İzmir,Ev Yaşam,Nevresim Takımı,1,1149,1149,Kredi Kartı,Tamamlandı
S10064,2026-01-14,M0485,İzmir,Giyim,Spor Ayakkabı,1,1899,1899,Kredi Kartı,Tamamlandı
S10064,2026-01-14,M0485,İzmir,Kitap,Çocuk Kitabı,1,149,149,Kredi Kartı,Tamamlandı
S10065,2026-01-14,M0284,Bursa,Giyim,Kot Pantolon,1,899,899,Kapıda Ödeme,Tamamlandı
S10066,2026-01-14,M0184,İstanbul,Elektronik,Kablosuz Kulaklık,1,1299,1299,Banka Kartı,Tamamlandı
S10067,2026-01-15,M0106,Adana,Ev Yaşam,Kahve Makinesi,1,2199,2199,Banka Kartı,Tamamlandı
S10068,2026-01-15,M0490,İstanbul,Ev Yaşam,Masa Lambası,1,649,649,Kredi Kartı,Tamamlandı
S10069,2026-01-15,M0312,İstanbul,Giyim,Tişört,1,349,349,Kredi Kartı,Tamamlandı
S10070,2026-01-16,M0390,Ankara,Kitap,Roman,2,189,378,Kredi Kartı,Tamamlandı
S10070,2026-01-16,M0390,Ankara,Kozmetik,Güneş Kremi,1,459,459,Kredi Kartı,Tamamlandı
S10071,2026-01-16,M0677,İstanbul,Elektronik,Akıllı Saat,2,3499,6998,Kredi Kartı,Tamamlandı
S10072,2026-01-16,M0034,İstanbul,Ev Yaşam,Masa Lambası,3,649,1947,Banka Kartı,Tamamlandı
S10072,2026-01-16,M0034,İstanbul,Kozmetik,Şampuan,3,159,477,Banka Kartı,Tamamlandı
S10073,2026-01-17,M0273,Antalya,Giyim,Spor Ayakkabı,1,1899,1899,Kredi Kartı,Tamamlandı
S10074,2026-01-17,M0128,Ankara,Giyim,Tişört,1,349,349,Kredi Kartı,Tamamlandı
S10075,2026-01-17,M0443,Bursa,Giyim,Spor Ayakkabı,2,1899,3798,Banka Kartı,Tamamlandı
S10076,2026-01-17,M0022,Trabzon,Elektronik,Tablet,1,8999,8999,Banka Kartı,Tamamlandı
S10077,2026-01-18,M0285,İstanbul,Ev Yaşam,Kahve Makinesi,1,2199,2199,Banka Kartı,Tamamlandı
S10077,2026-01-18,M0285,İstanbul,Kozmetik,Güneş Kremi,1,459,459,Banka Kartı,Tamamlandı
S10078,2026-01-18,M0296,Bursa,Elektronik,Kablosuz Kulaklık,1,1299,1299,Kredi Kartı,Tamamlandı
S10078,2026-01-18,M0296,Bursa,Kozmetik,Güneş Kremi,2,459,0,Kredi Kartı,İade
S10079,2026-01-18,M0891,İzmir,Giyim,Spor Ayakkabı,2,1899,3798,Kredi Kartı,Tamamlandı
S10080,2026-01-18,M0209,İstanbul,Kitap,Kişisel Gelişim Kitabı,1,229,229,Kredi Kartı,Tamamlandı
S10081,2026-01-18,M0819,İstanbul,Ev Yaşam,Kahve Makinesi,4,2199,8796,Kredi Kartı,Tamamlandı
S10082,2026-01-18,M0473,Konya,Kitap,Roman,2,189,378,Banka Kartı,Tamamlandı
S10083,2026-01-19,M0468,İzmir,Ev Yaşam,Tencere Seti,2,3299,6598,Kredi Kartı,Tamamlandı
S10083,2026-01-19,M0468,İzmir,Spor,Yoga Matı,3,399,1197,Kredi Kartı,Tamamlandı
S10083,2026-01-19,M0468,İzmir,Spor,Yoga Matı,1,399,399,Kredi Kartı,Tamamlandı
S10084,2026-01-19,M0676,Ankara,Giyim,Tişört,1,349,349,Kredi Kartı,Tamamlandı
S10085,2026-01-19,M0330,Adana,Giyim,Kazak,1,749,749,Kapıda Ödeme,Tamamlandı
S10086,2026-01-20,M0485,Bursa,Kozmetik,Güneş Kremi,4,459,1836,Havale/EFT,Tamamlandı
S10087,2026-01-20,M0038,İstanbul,Elektronik,Tablet,1,8999,8999,Kapıda Ödeme,Tamamlandı
S10088,2026-01-20,M0016,Bursa,Elektronik,Bluetooth Hoparlör,4,1799,7196,Kredi Kartı,Tamamlandı
S10088,2026-01-20,M0016,Bursa,Kozmetik,Şampuan,2,159,318,Kredi Kartı,Tamamlandı
S10089,2026-01-20,M0880,İzmir,Kitap,Kişisel Gelişim Kitabı,1,229,229,Kapıda Ödeme,Tamamlandı
S10089,2026-01-20,M0880,İzmir,Giyim,Spor Ayakkabı,1,1899,1899,Kapıda Ödeme,Tamamlandı
S10090,2026-01-20,M0093,Ankara,Kitap,Kişisel Gelişim Kitabı,2,229,458,Kredi Kartı,Tamamlandı
S10090,2026-01-20,M0093,Ankara,Elektronik,Tablet,1,8999,8999,Kredi Kartı,Tamamlandı
S10091,2026-01-21,M0580,Bursa,Kozmetik,Nemlendirici Krem,2,399,798,Kredi Kartı,Tamamlandı
S10092,2026-01-21,M0598,İstanbul,Giyim,Kot Pantolon,2,899,1798,Kredi Kartı,Tamamlandı
S10093,2026-01-21,M0694,İzmir,Kitap,Roman,4,189,756,Kredi Kartı,Tamamlandı
S10093,2026-01-21,M0694,İzmir,Ev Yaşam,Nevresim Takımı,4,1149,4596,Kredi Kartı,Tamamlandı
S10093,2026-01-21,M0694,İzmir,Elektronik,Akıllı Saat,1,3499,3499,Kredi Kartı,Tamamlandı
S10094,2026-01-21,M0717,İstanbul,Giyim,Tişört,2,349,698,Kapıda Ödeme,Tamamlandı
S10094,2026-01-21,M0717,İstanbul,Elektronik,Oyuncu Mouse,1,899,899,Kapıda Ödeme,Tamamlandı
S10095,2026-01-21,M0294,Antalya,Giyim,Kot Pantolon,1,899,899,Kredi Kartı,Tamamlandı
S10095,2026-01-21,M0294,Antalya,Kozmetik,Şampuan,1,159,159,Kredi Kartı,Tamamlandı
S10096,2026-01-21,M0643,İzmir,Ev Yaşam,Masa Lambası,1,649,649,Kredi Kartı,Tamamlandı
S10097,2026-01-22,M0766,Ankara,Kitap,Kişisel Gelişim Kitabı,1,229,229,Kredi Kartı,Tamamlandı
S10097,2026-01-22,M0766,Ankara,Elektronik,Oyuncu Kulaklığı,3,1899,5697,Kredi Kartı,Tamamlandı
S10098,2026-01-22,M0303,Bursa,Kitap,Roman,4,189,756,Kredi Kartı,Tamamlandı
S10099,2026-01-22,M0742,Bursa,Ev Yaşam,Kahve Makinesi,1,2199,2199,Kredi Kartı,Tamamlandı
S10099,2026-01-22,M0742,Bursa,Elektronik,Akıllı Saat,2,3499,6998,Kredi Kartı,Tamamlandı
S10100,2026-01-22,M0391,Antalya,Giyim,Kot Pantolon,3,899,2697,Kapıda Ödeme,Tamamlandı
S10101,2026-01-22,M0625,İstanbul,Kitap,Roman,1,189,189,Kredi Kartı,Tamamlandı
S10101,2026-01-22,M0625,İstanbul,Kitap,Roman,1,189,189,Kredi Kartı,Tamamlandı
S10102,2026-01-22,M0551,İstanbul,Kozmetik,Güneş Kremi,1,459,459,Kredi Kartı,Tamamlandı
S10102,2026-01-22,M0551,İstanbul,Elektronik,Akıllı Saat,1,3499,3499,Kredi Kartı,Tamamlandı
S10103,2026-01-23,M0034,Bursa,Giyim,Mont,4,2299,9196,Kredi Kartı,Tamamlandı
S10104,2026-01-23,M0661,Ankara,Elektronik,Tablet,1,8999,8999,Kredi Kartı,Tamamlandı
S10105,2026-01-24,M0658,İzmir,Giyim,Kazak,2,749,1498,Kapıda Ödeme,Tamamlandı
S10106,2026-01-24,M0850,Antalya,Kitap,Roman,1,189,189,Kredi Kartı,Tamamlandı
S10107,2026-01-24,M0003,İstanbul,Ev Yaşam,Masa Lambası,1,649,649,Kapıda Ödeme,Tamamlandı
S10107,2026-01-24,M0003,İstanbul,Elektronik,Akıllı Saat,2,3499,6998,Kapıda Ödeme,Tamamlandı
S10107,2026-01-24,M0003,İstanbul,Elektronik,Mekanik Klavye,1,2499,2499,Kapıda Ödeme,Tamamlandı
S10108,2026-01-24,M0117,Bursa,Ev Yaşam,Kahve Makinesi,1,2199,2199,Kredi Kartı,Tamamlandı
S10108,2026-01-24,M0117,Bursa,Elektronik,Tablet,2,8999,17998,Kredi Kartı,Tamamlandı
S10109,2026-01-24,M0470,İzmir,Spor,Yoga Matı,1,399,399,Kredi Kartı,Tamamlandı
S10109,2026-01-24,M0470,İzmir,Ev Yaşam,Tencere Seti,1,3299,3299,Kredi Kartı,Tamamlandı
S10109,2026-01-24,M0470,İzmir,Elektronik,Oyuncu Mouse,1,899,899,Kredi Kartı,Tamamlandı
S10110,2026-01-24,M0391,Trabzon,Ev Yaşam,Kahve Makinesi,2,2199,4398,Kredi Kartı,Tamamlandı
S10111,2026-01-24,M0667,Adana,Giyim,Kazak,1,749,749,Banka Kartı,Tamamlandı
S10111,2026-01-24,M0667,Adana,Giyim,Spor Ayakkabı,1,1899,1899,Banka Kartı,Tamamlandı
S10112,2026-01-24,M0262,Ankara,Elektronik,Tablet,1,8999,8999,Kredi Kartı,Tamamlandı
S10112,2026-01-24,M0262,Ankara,Kozmetik,Güneş Kremi,1,459,459,Kredi Kartı,Tamamlandı
S10112,2026-01-24,M0262,Ankara,Ev Yaşam,Nevresim Takımı,1,1149,1149,Kredi Kartı,Tamamlandı
S10113,2026-01-24,M0682,Konya,Elektronik,Akıllı Saat,1,3499,3499,Kredi Kartı,Tamamlandı
S10113,2026-01-24,M0682,Konya,Ev Yaşam,Kahve Makinesi,1,2199,2199,Kredi Kartı,Tamamlandı
S10113,2026-01-24,M0682,Konya,Giyim,Tişört,1,349,349,Kredi Kartı,Tamamlandı
S10114,2026-01-25,M0575,Trabzon,Kozmetik,Parfüm,3,1599,4797,Havale/EFT,Tamamlandı
S10114,2026-01-25,M0575,Trabzon,Giyim,Kot Pantolon,2,899,1798,Havale/EFT,Tamamlandı
S10115,2026-01-25,M0348,Ankara,Kozmetik,Parfüm,2,1599,3198,Kredi Kartı,Tamamlandı
S10116,2026-01-25,M0094,Bursa,Giyim,Mont,2,2299,4598,Kredi Kartı,Tamamlandı
S10117,2026-01-25,M0582,İzmir,Kozmetik,Parfüm,1,1599,1599,Havale/EFT,Tamamlandı
S10118,2026-01-25,M0435,Ankara,Kozmetik,Parfüm,1,1599,1599,Kredi Kartı,Tamamlandı
S10119,2026-01-25,M0695,İzmir,Giyim,Kazak,1,749,749,Kredi Kartı,Tamamlandı
S10120,2026-01-25,M0217,Antalya,Elektronik,Bluetooth Hoparlör,1,1799,1799,Havale/EFT,Tamamlandı
S10121,2026-01-26,M0546,Bursa,Spor,Yoga Matı,2,399,798,Kredi Kartı,Tamamlandı
S10121,2026-01-26,M0546,Bursa,Elektronik,Oyuncu Kulaklığı,2,1899,3798,Kredi Kartı,Tamamlandı
S10122,2026-01-26,M0588,Ankara,Giyim,Kazak,1,749,749,Banka Kartı,Tamamlandı
S10123,2026-01-26,M0472,Antalya,Spor,Yoga Matı,1,399,399,Kapıda Ödeme,Tamamlandı
S10124,2026-01-26,M0406,Adana,Kozmetik,Parfüm,2,1599,3198,Banka Kartı,Tamamlandı
S10125,2026-01-26,M0199,Adana,Spor,Dambıl Seti,1,1249,1249,Kredi Kartı,Tamamlandı
S10125,2026-01-26,M0199,Adana,Elektronik,Oyuncu Mouse,2,899,1798,Kredi Kartı,Tamamlandı
S10126,2026-01-26,M0182,Konya,Ev Yaşam,Termos,2,449,898,Banka Kartı,Tamamlandı
S10127,2026-01-27,M0331,Adana,Elektronik,Bluetooth Hoparlör,1,1799,1799,Banka Kartı,Tamamlandı
S10128,2026-01-27,M0058,Ankara,Elektronik,Akıllı Saat,1,3499,3499,Kredi Kartı,Tamamlandı
S10129,2026-01-28,M0876,İstanbul,Ev Yaşam,Tencere Seti,2,3299,6598,Banka Kartı,Tamamlandı
S10130,2026-01-29,M0193,İstanbul,Elektronik,Kablosuz Kulaklık,3,1299,3897,Kredi Kartı,Tamamlandı
S10131,2026-01-29,M0732,İstanbul,Kozmetik,Güneş Kremi,1,459,459,Banka Kartı,Tamamlandı
S10132,2026-01-29,M0373,Ankara,Giyim,Tişört,2,349,698,Kredi Kartı,Tamamlandı
S10133,2026-01-29,M0068,İstanbul,Giyim,Kazak,4,749,2996,Banka Kartı,Tamamlandı
S10134,2026-01-29,M0154,Ankara,Giyim,Kazak,2,749,1498,Banka Kartı,Tamamlandı
S10135,2026-01-29,M0610,Bursa,Kozmetik,Nemlendirici Krem,1,399,399,Kredi Kartı,Tamamlandı
S10136,2026-01-30,M0757,Trabzon,Kozmetik,Şampuan,1,159,159,Kapıda Ödeme,Tamamlandı
S10137,2026-01-30,M0220,Ankara,Kitap,Roman,1,189,189,Havale/EFT,Tamamlandı
S10138,2026-01-30,M0520,Antalya,Elektronik,Akıllı Saat,2,3499,6998,Havale/EFT,Tamamlandı
S10138,2026-01-30,M0520,Antalya,Giyim,Kot Pantolon,2,899,1798,Havale/EFT,Tamamlandı
S10139,2026-01-30,M0829,Adana,Giyim,Spor Ayakkabı,4,1899,7596,Banka Kartı,Tamamlandı
S10140,2026-01-31,M0240,İzmir,Ev Yaşam,Tencere Seti,1,3299,3299,Kredi Kartı,Tamamlandı
S10140,2026-01-31,M0240,İzmir,Kitap,Kişisel Gelişim Kitabı,1,229,229,Kredi Kartı,Tamamlandı
S10141,2026-01-31,M0541,Ankara,Ev Yaşam,Tencere Seti,1,3299,3299,Kredi Kartı,Tamamlandı
S10142,2026-01-31,M0381,İzmir,Spor,Yoga Matı,2,399,798,Kredi Kartı,Tamamlandı
S10142,2026-01-31,M0381,İzmir,Kitap,Roman,1,189,189,Kredi Kartı,Tamamlandı
S10143,2026-01-31,M0228,Antalya,Giyim,Mont,1,2299,2299,Havale/EFT,Tamamlandı
S10143,2026-01-31,M0228,Antalya,Elektronik,Mekanik Klavye,1,2499,2499,Havale/EFT,Tamamlandı
S10143,2026-01-31,M0228,Antalya,Kozmetik,Nemlendirici Krem,1,399,399,Havale/EFT,Tamamlandı
S10144,2026-01-31,M0850,Ankara,Ev Yaşam,Masa Lambası,3,649,0,Havale/EFT,İade
S10144,2026-01-31,M0850,Ankara,Elektronik,Mekanik Klavye,3,2499,7497,Havale/EFT,Tamamlandı
S10145,2026-01-31,M0434,İstanbul,Elektronik,Akıllı Saat,2,3499,6998,Kredi Kartı,Tamamlandı
S10146,2026-01-31,M0114,Antalya,Kozmetik,Şampuan,2,159,318,Kredi Kartı,Tamamlandı
S10147,2026-02-01,M0002,İzmir,Kozmetik,Parfüm,4,1599,6396,Kredi Kartı,Tamamlandı
S10148,2026-02-01,M0539,İzmir,Elektronik,Oyuncu Kulaklığı,1,1899,1899,Havale/EFT,Tamamlandı
S10149,2026-02-01,M0383,İstanbul,Giyim,Spor Ayakkabı,2,1899,3798,Kredi Kartı,Tamamlandı
S10149,2026-02-01,M0383,İstanbul,Kozmetik,Nemlendirici Krem,1,399,399,Kredi Kartı,Tamamlandı
S10150,2026-02-01,M0834,İzmir,Kitap,Kişisel Gelişim Kitabı,1,229,229,Havale/EFT,Tamamlandı
S10150,2026-02-01,M0834,İzmir,Kozmetik,Güneş Kremi,1,459,459,Havale/EFT,Tamamlandı
S10151,2026-02-02,M0324,Konya,Ev Yaşam,Nevresim Takımı,2,1149,2298,Kredi Kartı,Tamamlandı
S10151,2026-02-02,M0324,Konya,Giyim,Spor Ayakkabı,2,1899,3798,Kredi Kartı,Tamamlandı
S10151,2026-02-02,M0324,Konya,Elektronik,Akıllı Saat,3,3499,10497,Kredi Kartı,Tamamlandı
S10152,2026-02-02,M0396,Ankara,Giyim,Spor Ayakkabı,1,1899,1899,Kredi Kartı,Tamamlandı
S10152,2026-02-02,M0396,Ankara,Giyim,Tişört,4,349,1396,Kredi Kartı,Tamamlandı
S10153,2026-02-02,M0301,İstanbul,Giyim,Spor Ayakkabı,1,1899,1899,Kredi Kartı,Tamamlandı
S10153,2026-02-02,M0301,İstanbul,Giyim,Kot Pantolon,3,899,2697,Kredi Kartı,Tamamlandı
S10154,2026-02-02,M0446,İstanbul,Elektronik,Oyuncu Mouse,1,899,899,Kapıda Ödeme,Tamamlandı
S10154,2026-02-02,M0446,İstanbul,Kozmetik,Güneş Kremi,1,459,459,Kapıda Ödeme,Tamamlandı
S10154,2026-02-02,M0446,İstanbul,Kozmetik,Parfüm,1,1599,1599,Kapıda Ödeme,Tamamlandı
S10155,2026-02-02,M0376,Ankara,Elektronik,Bluetooth Hoparlör,1,1799,1799,Kapıda Ödeme,Tamamlandı
S10156,2026-02-02,M0079,İzmir,Kozmetik,Parfüm,1,1599,1599,Kredi Kartı,Tamamlandı
S10157,2026-02-03,M0512,İzmir,Kozmetik,Şampuan,1,159,159,Kapıda Ödeme,Tamamlandı
S10158,2026-02-03,M0711,Konya,Spor,Yoga Matı,3,399,1197,Kredi Kartı,Tamamlandı
S10159,2026-02-04,M0866,Trabzon,Ev Yaşam,Nevresim Takımı,1,1149,1149,Banka Kartı,Tamamlandı
S10159,2026-02-04,M0866,Trabzon,Kozmetik,Şampuan,1,159,159,Banka Kartı,Tamamlandı
S10160,2026-02-04,M0230,İstanbul,Spor,Yoga Matı,1,399,399,Kredi Kartı,Tamamlandı
S10161,2026-02-04,M0823,Trabzon,Elektronik,Akıllı Saat,2,3499,6998,Kredi Kartı,Tamamlandı
S10161,2026-02-04,M0823,Trabzon,Giyim,Tişört,1,349,349,Kredi Kartı,Tamamlandı
S10162,2026-02-04,M0325,İzmir,Giyim,Kazak,2,749,1498,Kredi Kartı,Tamamlandı
S10162,2026-02-04,M0325,İzmir,Elektronik,Oyuncu Kulaklığı,1,1899,1899,Kredi Kartı,Tamamlandı
S10163,2026-02-04,M0057,Antalya,Elektronik,Oyuncu Kulaklığı,1,1899,1899,Kredi Kartı,Tamamlandı
S10164,2026-02-04,M0532,Adana,Kozmetik,Şampuan,1,159,159,Havale/EFT,Tamamlandı
S10165,2026-02-04,M0547,İstanbul,Ev Yaşam,Kahve Makinesi,2,2199,4398,Banka Kartı,Tamamlandı
S10166,2026-02-05,M0346,Antalya,Elektronik,Kablosuz Kulaklık,2,1299,2598,Banka Kartı,Tamamlandı
S10166,2026-02-05,M0346,Antalya,Kozmetik,Güneş Kremi,1,459,459,Banka Kartı,Tamamlandı
S10167,2026-02-05,M0510,Adana,Giyim,Mont,2,2299,4598,Kredi Kartı,Tamamlandı
S10167,2026-02-05,M0510,Adana,Ev Yaşam,Masa Lambası,1,649,649,Kredi Kartı,Tamamlandı
S10168,2026-02-05,M0476,İstanbul,Kozmetik,Şampuan,2,159,318,Banka Kartı,Tamamlandı
S10169,2026-02-05,M0134,Antalya,Giyim,Kot Pantolon,1,899,899,Kredi Kartı,Tamamlandı
S10170,2026-02-05,M0052,İstanbul,Giyim,Kazak,1,749,749,Kredi Kartı,Tamamlandı
S10170,2026-02-05,M0052,İstanbul,Ev Yaşam,Nevresim Takımı,2,1149,2298,Kredi Kartı,Tamamlandı
S10171,2026-02-05,M0528,Ankara,Elektronik,Akıllı Saat,1,3499,3499,Havale/EFT,Tamamlandı
S10172,2026-02-06,M0289,Ankara,Ev Yaşam,Termos,2,449,898,Havale/EFT,Tamamlandı
S10172,2026-02-06,M0289,Ankara,Kitap,Çocuk Kitabı,2,149,298,Havale/EFT,Tamamlandı
S10173,2026-02-06,M0411,İstanbul,Giyim,Mont,1,2299,2299,Banka Kartı,Tamamlandı
S10174,2026-02-06,M0846,Trabzon,Kitap,Kişisel Gelişim Kitabı,2,229,458,Banka Kartı,Tamamlandı
S10175,2026-02-06,M0375,Bursa,Ev Yaşam,Kahve Makinesi,1,2199,2199,Kredi Kartı,Tamamlandı
S10176,2026-02-07,M0486,İzmir,Elektronik,Oyuncu Kulaklığı,1,1899,1899,Kredi Kartı,Tamamlandı
S10176,2026-02-07,M0486,İzmir,Kozmetik,Güneş Kremi,1,459,459,Kredi Kartı,Tamamlandı
S10177,2026-02-07,M0522,İzmir,Spor,Yoga Matı,2,399,798,Banka Kartı,Tamamlandı
S10178,2026-02-07,M0598,İstanbul,Kozmetik,Şampuan,1,159,159,Havale/EFT,Tamamlandı
S10178,2026-02-07,M0598,İstanbul,Kitap,Kişisel Gelişim Kitabı,1,229,229,Havale/EFT,Tamamlandı
S10179,2026-02-07,M0492,İstanbul,Spor,Yoga Matı,2,399,798,Banka Kartı,Tamamlandı
S10179,2026-02-07,M0492,İstanbul,Kitap,Roman,1,189,189,Banka Kartı,Tamamlandı
S10180,2026-02-07,M0156,Ankara,Kozmetik,Nemlendirici Krem,2,399,798,Kredi Kartı,Tamamlandı
S10181,2026-02-07,M0723,İstanbul,Kozmetik,Şampuan,1,159,159,Kredi Kartı,Tamamlandı
S10182,2026-02-07,M0546,Ankara,Kozmetik,Şampuan,2,159,318,Kredi Kartı,Tamamlandı
S10182,2026-02-07,M0546,Ankara,Elektronik,Mekanik Klavye,1,2499,2499,Kredi Kartı,Tamamlandı
S10183,2026-02-08,M0296,Bursa,Ev Yaşam,Termos,3,449,1347,Banka Kartı,Tamamlandı
S10184,2026-02-08,M0295,İstanbul,Kitap,Çocuk Kitabı,3,149,447,Banka Kartı,Tamamlandı
S10185,2026-02-08,M0298,İstanbul,Kitap,Kişisel Gelişim Kitabı,2,229,458,Kapıda Ödeme,Tamamlandı
S10186,2026-02-08,M0848,İzmir,Elektronik,Oyuncu Mouse,1,899,899,Kapıda Ödeme,Tamamlandı
S10186,2026-02-08,M0848,İzmir,Kozmetik,Şampuan,2,159,318,Kapıda Ödeme,Tamamlandı
S10187,2026-02-08,M0424,İstanbul,Elektronik,Oyuncu Kulaklığı,4,1899,7596,Kredi Kartı,Tamamlandı
S10187,2026-02-08,M0424,İstanbul,Kozmetik,Güneş Kremi,1,459,459,Kredi Kartı,Tamamlandı
S10188,2026-02-08,M0775,Konya,Kitap,Roman,1,189,189,Kredi Kartı,Tamamlandı
S10188,2026-02-08,M0775,Konya,Kozmetik,Güneş Kremi,3,459,1377,Kredi Kartı,Tamamlandı
S10189,2026-02-08,M0858,İstanbul,Giyim,Tişört,3,349,1047,Kapıda Ödeme,Tamamlandı
S10189,2026-02-08,M0858,İstanbul,Kitap,Çocuk Kitabı,1,149,149,Kapıda Ödeme,Tamamlandı
S10189,2026-02-08,M0858,İstanbul,Elektronik,Oyuncu Kulaklığı,1,1899,1899,Kapıda Ödeme,Tamamlandı
S10190,2026-02-08,M0557,İzmir,Ev Yaşam,Nevresim Takımı,2,1149,2298,Havale/EFT,Tamamlandı
S10191,2026-02-09,M0749,Ankara,Kozmetik,Güneş Kremi,1,459,459,Kredi Kartı,Tamamlandı
S10192,2026-02-09,M0180,İzmir,Giyim,Mont,1,2299,2299,Banka Kartı,Tamamlandı
S10193,2026-02-09,M0144,Ankara,Giyim,Tişört,1,349,349,Kapıda Ödeme,Tamamlandı
S10194,2026-02-09,M0597,Bursa,Kozmetik,Parfüm,1,1599,1599,Kredi Kartı,Tamamlandı
S10194,2026-02-09,M0597,Bursa,Giyim,Tişört,3,349,1047,Kredi Kartı,Tamamlandı
S10195,2026-02-09,M0319,Bursa,Giyim,Mont,3,2299,6897,Banka Kartı,Tamamlandı
S10195,2026-02-09,M0319,Bursa,Ev Yaşam,Tencere Seti,1,3299,3299,Banka Kartı,Tamamlandı
S10195,2026-02-09,M0319,Bursa,Kitap,Çocuk Kitabı,2,149,298,Banka Kartı,Tamamlandı
S10196,2026-02-10,M0611,Adana,Kozmetik,Parfüm,1,1599,1599,Kredi Kartı,Tamamlandı
S10197,2026-02-10,M0561,Adana,Elektronik,Tablet,1,8999,8999,Kredi Kartı,Tamamlandı
S10198,2026-02-10,M0735,İzmir,Spor,Yoga Matı,1,399,399,Kredi Kartı,Tamamlandı
S10199,2026-02-10,M0060,İzmir,Elektronik,Mekanik Klavye,1,2499,2499,Banka Kartı,Tamamlandı
S10200,2026-02-10,M0075,İstanbul,Kitap,Çocuk Kitabı,1,149,149,Kredi Kartı,Tamamlandı
S10201,2026-02-11,M0033,İstanbul,Kozmetik,Şampuan,4,159,636,Kredi Kartı,Tamamlandı
S10202,2026-02-11,M0392,Ankara,Elektronik,Oyuncu Kulaklığı,3,1899,5697,Kapıda Ödeme,Tamamlandı
S10203,2026-02-11,M0881,Ankara,Ev Yaşam,Masa Lambası,1,649,0,Kredi Kartı,İade
S10204,2026-02-12,M0690,Bursa,Giyim,Tişört,1,349,349,Kredi Kartı,Tamamlandı
S10205,2026-02-12,M0897,Bursa,Giyim,Spor Ayakkabı,3,1899,0,Kredi Kartı,İade
S10205,2026-02-12,M0897,Bursa,Elektronik,Kablosuz Kulaklık,1,1299,1299,Kredi Kartı,Tamamlandı
S10206,2026-02-12,M0721,Adana,Ev Yaşam,Termos,2,449,898,Kredi Kartı,Tamamlandı
S10207,2026-02-12,M0144,Ankara,Kozmetik,Nemlendirici Krem,1,399,399,Kredi Kartı,Tamamlandı
S10207,2026-02-12,M0144,Ankara,Giyim,Mont,1,2299,2299,Kredi Kartı,Tamamlandı
S10208,2026-02-12,M0227,Ankara,Ev Yaşam,Masa Lambası,1,649,649,Kredi Kartı,Tamamlandı
S10209,2026-02-12,M0570,Ankara,Kozmetik,Güneş Kremi,1,459,459,Kapıda Ödeme,Tamamlandı
S10209,2026-02-12,M0570,Ankara,Elektronik,Akıllı Saat,2,3499,6998,Kapıda Ödeme,Tamamlandı
S10209,2026-02-12,M0570,Ankara,Spor,Yoga Matı,2,399,798,Kapıda Ödeme,Tamamlandı
S10210,2026-02-13,M0060,İzmir,Elektronik,Mekanik Klavye,1,2499,2499,Kapıda Ödeme,Tamamlandı
S10211,2026-02-13,M0461,Adana,Elektronik,Mekanik Klavye,2,2499,4998,Kredi Kartı,Tamamlandı
S10211,2026-02-13,M0461,Adana,Kitap,Roman,2,189,378,Kredi Kartı,Tamamlandı
S10212,2026-02-13,M0573,İstanbul,Giyim,Kazak,1,749,749,Kredi Kartı,Tamamlandı
S10212,2026-02-13,M0573,İstanbul,Kozmetik,Şampuan,2,159,318,Kredi Kartı,Tamamlandı
S10212,2026-02-13,M0573,İstanbul,Kozmetik,Şampuan,1,159,159,Kredi Kartı,Tamamlandı
S10213,2026-02-13,M0330,Antalya,Giyim,Mont,1,2299,2299,Kredi Kartı,Tamamlandı
S10214,2026-02-13,M0101,Antalya,Giyim,Mont,1,2299,2299,Banka Kartı,Tamamlandı
S10214,2026-02-13,M0101,Antalya,Spor,Dambıl Seti,1,1249,1249,Banka Kartı,Tamamlandı
S10215,2026-02-14,M0303,İstanbul,Spor,Dambıl Seti,2,1249,2498,Kredi Kartı,Tamamlandı
S10216,2026-02-14,M0264,Antalya,Kozmetik,Nemlendirici Krem,2,399,798,Kredi Kartı,Tamamlandı
S10216,2026-02-14,M0264,Antalya,Elektronik,Bluetooth Hoparlör,1,1799,1799,Kredi Kartı,Tamamlandı
S10217,2026-02-14,M0658,Konya,Elektronik,Tablet,1,8999,0,Kredi Kartı,İade
S10217,2026-02-14,M0658,Konya,Elektronik,Oyuncu Mouse,1,899,899,Kredi Kartı,Tamamlandı
S10218,2026-02-14,M0224,Ankara,Kozmetik,Şampuan,1,159,159,Kredi Kartı,Tamamlandı
S10218,2026-02-14,M0224,Ankara,Elektronik,Bluetooth Hoparlör,1,1799,1799,Kredi Kartı,Tamamlandı
S10219,2026-02-14,M0282,İzmir,Kozmetik,Nemlendirici Krem,3,399,1197,Kredi Kartı,Tamamlandı
S10220,2026-02-15,M0099,İzmir,Giyim,Mont,2,2299,4598,Kredi Kartı,Tamamlandı
S10220,2026-02-15,M0099,İzmir,Kitap,Kişisel Gelişim Kitabı,1,229,229,Kredi Kartı,Tamamlandı
S10221,2026-02-15,M0308,Bursa,Spor,Dambıl Seti,1,1249,1249,Havale/EFT,Tamamlandı
S10221,2026-02-15,M0308,Bursa,Ev Yaşam,Kahve Makinesi,1,2199,2199,Havale/EFT,Tamamlandı
S10222,2026-02-15,M0512,Adana,Kitap,Çocuk Kitabı,3,149,447,Banka Kartı,Tamamlandı
S10223,2026-02-15,M0236,İstanbul,Ev Yaşam,Kahve Makinesi,1,2199,2199,Havale/EFT,Tamamlandı
S10223,2026-02-15,M0236,İstanbul,Kitap,Kişisel Gelişim Kitabı,1,229,229,Havale/EFT,Tamamlandı
S10224,2026-02-15,M0323,İstanbul,Spor,Dambıl Seti,3,1249,3747,Kredi Kartı,Tamamlandı
S10225,2026-02-15,M0578,İstanbul,Kitap,Roman,2,189,378,Havale/EFT,Tamamlandı
S10226,2026-02-16,M0513,Bursa,Giyim,Kot Pantolon,1,899,899,Kredi Kartı,Tamamlandı
S10227,2026-02-16,M0610,Ankara,Giyim,Kazak,1,749,749,Havale/EFT,Tamamlandı
S10228,2026-02-16,M0385,Ankara,Elektronik,Oyuncu Mouse,2,899,1798,Banka Kartı,Tamamlandı
S10228,2026-02-16,M0385,Ankara,Elektronik,Mekanik Klavye,2,2499,4998,Banka Kartı,Tamamlandı
S10229,2026-02-16,M0758,Ankara,Kitap,Kişisel Gelişim Kitabı,2,229,458,Kredi Kartı,Tamamlandı
S10230,2026-02-16,M0090,İstanbul,Giyim,Kot Pantolon,1,899,899,Kredi Kartı,Tamamlandı
S10231,2026-02-16,M0613,Antalya,Giyim,Spor Ayakkabı,2,1899,3798,Havale/EFT,Tamamlandı
S10232,2026-02-16,M0249,İzmir,Elektronik,Akıllı Saat,1,3499,3499,Kredi Kartı,Tamamlandı
S10233,2026-02-17,M0446,İstanbul,Giyim,Kazak,2,749,1498,Kredi Kartı,Tamamlandı
S10233,2026-02-17,M0446,İstanbul,Kozmetik,Nemlendirici Krem,1,399,0,Kredi Kartı,İade
S10234,2026-02-17,M0406,İstanbul,Giyim,Mont,2,2299,4598,Banka Kartı,Tamamlandı
S10234,2026-02-17,M0406,İstanbul,Kitap,Roman,1,189,189,Banka Kartı,Tamamlandı
S10235,2026-02-17,M0206,Ankara,Giyim,Spor Ayakkabı,2,1899,3798,Kredi Kartı,Tamamlandı
S10236,2026-02-17,M0801,İstanbul,Giyim,Kot Pantolon,1,899,899,Kredi Kartı,Tamamlandı
S10236,2026-02-17,M0801,İstanbul,Ev Yaşam,Masa Lambası,1,649,649,Kredi Kartı,Tamamlandı
S10237,2026-02-17,M0473,Konya,Spor,Yoga Matı,2,399,798,Kredi Kartı,Tamamlandı
S10237,2026-02-17,M0473,Konya,Kozmetik,Parfüm,1,1599,1599,Kredi Kartı,Tamamlandı
S10238,2026-02-18,M0387,İstanbul,Giyim,Tişört,3,349,1047,Kapıda Ödeme,Tamamlandı
S10239,2026-02-18,M0557,İstanbul,Spor,Dambıl Seti,3,1249,3747,Kapıda Ödeme,Tamamlandı
S10239,2026-02-18,M0557,İstanbul,Giyim,Spor Ayakkabı,1,1899,1899,Kapıda Ödeme,Tamamlandı
S10240,2026-02-18,M0577,Trabzon,Kozmetik,Güneş Kremi,1,459,0,Banka Kartı,İade
S10241,2026-02-18,M0265,İstanbul,Kozmetik,Parfüm,1,1599,1599,Banka Kartı,Tamamlandı
S10242,2026-02-18,M0696,İzmir,Elektronik,Kablosuz Kulaklık,1,1299,1299,Kredi Kartı,Tamamlandı
S10243,2026-02-18,M0119,Antalya,Giyim,Spor Ayakkabı,1,1899,1899,Banka Kartı,Tamamlandı
S10244,2026-02-19,M0100,Ankara,Giyim,Kazak,1,749,749,Banka Kartı,Tamamlandı
S10245,2026-02-19,M0664,İstanbul,Kozmetik,Şampuan,1,159,159,Havale/EFT,Tamamlandı
S10245,2026-02-19,M0664,İstanbul,Giyim,Tişört,2,349,698,Havale/EFT,Tamamlandı
S10245,2026-02-19,M0664,İstanbul,Elektronik,Oyuncu Mouse,1,899,899,Havale/EFT,Tamamlandı
S10246,2026-02-19,M0203,Ankara,Elektronik,Mekanik Klavye,2,2499,4998,Kredi Kartı,Tamamlandı
S10247,2026-02-19,M0592,İstanbul,Giyim,Tişört,1,349,349,Havale/EFT,Tamamlandı
S10248,2026-02-19,M0541,Konya,Giyim,Kot Pantolon,1,899,899,Kredi Kartı,Tamamlandı
S10249,2026-02-19,M0177,Antalya,Kozmetik,Parfüm,1,1599,1599,Banka Kartı,Tamamlandı
S10250,2026-02-20,M0711,İstanbul,Ev Yaşam,Termos,1,449,449,Kredi Kartı,Tamamlandı
S10251,2026-02-20,M0661,Konya,Giyim,Kot Pantolon,2,899,1798,Kredi Kartı,Tamamlandı
S10252,2026-02-20,M0887,Ankara,Spor,Koşu Bandı,1,18999,18999,Kredi Kartı,Tamamlandı
S10253,2026-02-20,M0702,Ankara,Elektronik,Bluetooth Hoparlör,2,1799,3598,Banka Kartı,Tamamlandı
S10254,2026-02-20,M0034,İstanbul,Ev Yaşam,Masa Lambası,2,649,1298,Kredi Kartı,Tamamlandı
S10255,2026-02-21,M0116,İzmir,Kitap,Kişisel Gelişim Kitabı,2,229,458,Kredi Kartı,Tamamlandı
S10256,2026-02-21,M0452,İzmir,Spor,Dambıl Seti,1,1249,1249,Kapıda Ödeme,Tamamlandı
S10257,2026-02-21,M0461,İstanbul,Spor,Yoga Matı,2,399,798,Havale/EFT,Tamamlandı
S10258,2026-02-21,M0756,İzmir,Kozmetik,Parfüm,1,1599,1599,Kredi Kartı,Tamamlandı
S10258,2026-02-21,M0756,İzmir,Elektronik,Kablosuz Kulaklık,1,1299,1299,Kredi Kartı,Tamamlandı
S10259,2026-02-21,M0552,İstanbul,Ev Yaşam,Tencere Seti,1,3299,3299,Kapıda Ödeme,Tamamlandı
S10260,2026-02-21,M0835,İstanbul,Kitap,Çocuk Kitabı,2,149,298,Kapıda Ödeme,Tamamlandı
S10260,2026-02-21,M0835,İstanbul,Spor,Yoga Matı,2,399,798,Kapıda Ödeme,Tamamlandı
S10261,2026-02-21,M0780,Antalya,Kozmetik,Şampuan,1,159,159,Kredi Kartı,Tamamlandı
S10262,2026-02-21,M0814,Adana,Giyim,Kazak,1,749,749,Kredi Kartı,Tamamlandı
S10263,2026-02-22,M0793,Adana,Kozmetik,Şampuan,2,159,318,Kredi Kartı,Tamamlandı
S10263,2026-02-22,M0793,Adana,Giyim,Kazak,2,749,1498,Kredi Kartı,Tamamlandı
S10263,2026-02-22,M0793,Adana,Giyim,Mont,1,2299,2299,Kredi Kartı,Tamamlandı
S10264,2026-02-22,M0873,Ankara,Elektronik,Kablosuz Kulaklık,2,1299,2598,Kredi Kartı,Tamamlandı
S10264,2026-02-22,M0873,Ankara,Elektronik,Oyuncu Kulaklığı,1,1899,0,Kredi Kartı,İade
S10265,2026-02-22,M0439,İstanbul,Kozmetik,Parfüm,3,1599,4797,Banka Kartı,Tamamlandı
S10266,2026-02-22,M0671,Ankara,Kozmetik,Parfüm,2,1599,3198,Kredi Kartı,Tamamlandı
S10266,2026-02-22,M0671,Ankara,Kozmetik,Nemlendirici Krem,1,399,399,Kredi Kartı,Tamamlandı
S10267,2026-02-22,M0219,Ankara,Kozmetik,Parfüm,2,1599,3198,Kredi Kartı,Tamamlandı
S10268,2026-02-22,M0881,Ankara,Giyim,Spor Ayakkabı,1,1899,1899,Kredi Kartı,Tamamlandı
S10269,2026-02-22,M0307,İstanbul,Elektronik,Oyuncu Kulaklığı,1,1899,1899,Havale/EFT,Tamamlandı
S10269,2026-02-22,M0307,İstanbul,Elektronik,Oyuncu Mouse,1,899,899,Havale/EFT,Tamamlandı
S10270,2026-02-23,M0644,Bursa,Ev Yaşam,Nevresim Takımı,3,1149,3447,Kapıda Ödeme,Tamamlandı
S10270,2026-02-23,M0644,Bursa,Elektronik,Tablet,1,8999,8999,Kapıda Ödeme,Tamamlandı
S10271,2026-02-23,M0811,İstanbul,Ev Yaşam,Masa Lambası,1,649,649,Kredi Kartı,Tamamlandı
S10272,2026-02-23,M0708,İstanbul,Elektronik,Oyuncu Mouse,1,899,899,Havale/EFT,Tamamlandı
S10272,2026-02-23,M0708,İstanbul,Kozmetik,Güneş Kremi,2,459,918,Havale/EFT,Tamamlandı
S10273,2026-02-23,M0396,İstanbul,Ev Yaşam,Tencere Seti,4,3299,13196,Kredi Kartı,Tamamlandı
S10274,2026-02-23,M0136,Ankara,Ev Yaşam,Kahve Makinesi,1,2199,2199,Havale/EFT,Tamamlandı
S10275,2026-02-24,M0015,İstanbul,Spor,Dambıl Seti,2,1249,2498,Kredi Kartı,Tamamlandı
S10276,2026-02-24,M0426,Ankara,Ev Yaşam,Kahve Makinesi,1,2199,2199,Kredi Kartı,Tamamlandı
S10276,2026-02-24,M0426,Ankara,Kitap,Çocuk Kitabı,1,149,149,Kredi Kartı,Tamamlandı
S10277,2026-02-24,M0601,İzmir,Elektronik,Oyuncu Mouse,2,899,1798,Havale/EFT,Tamamlandı
S10277,2026-02-24,M0601,İzmir,Elektronik,Kablosuz Kulaklık,1,1299,1299,Havale/EFT,Tamamlandı
S10278,2026-02-24,M0624,İstanbul,Elektronik,Kablosuz Kulaklık,1,1299,0,Banka Kartı,İade
S10278,2026-02-24,M0624,İstanbul,Ev Yaşam,Nevresim Takımı,1,1149,1149,Banka Kartı,Tamamlandı
S10279,2026-02-24,M0266,İstanbul,Giyim,Kazak,2,749,1498,Kredi Kartı,Tamamlandı
S10279,2026-02-24,M0266,İstanbul,Spor,Yoga Matı,1,399,399,Kredi Kartı,Tamamlandı
S10280,2026-02-24,M0591,İzmir,Elektronik,Oyuncu Kulaklığı,1,1899,1899,Kredi Kartı,Tamamlandı
S10281,2026-02-24,M0792,İstanbul,Giyim,Tişört,1,349,349,Banka Kartı,Tamamlandı
S10281,2026-02-24,M0792,İstanbul,Giyim,Tişört,1,349,349,Banka Kartı,Tamamlandı
S10282,2026-02-25,M0879,İstanbul,Kozmetik,Parfüm,1,1599,1599,Havale/EFT,Tamamlandı
S10282,2026-02-25,M0879,İstanbul,Giyim,Kazak,1,749,749,Havale/EFT,Tamamlandı
S10283,2026-02-25,M0690,Adana,Kitap,Çocuk Kitabı,1,149,149,Kredi Kartı,Tamamlandı
S10283,2026-02-25,M0690,Adana,Giyim,Kazak,1,749,749,Kredi Kartı,Tamamlandı
S10284,2026-02-25,M0009,Ankara,Kozmetik,Parfüm,1,1599,1599,Kredi Kartı,Tamamlandı
S10284,2026-02-25,M0009,Ankara,Kitap,Çocuk Kitabı,2,149,298,Kredi Kartı,Tamamlandı
S10285,2026-02-25,M0816,İstanbul,Giyim,Mont,2,2299,4598,Kredi Kartı,Tamamlandı
S10286,2026-02-25,M0344,İstanbul,Kozmetik,Parfüm,1,1599,1599,Banka Kartı,Tamamlandı
S10286,2026-02-25,M0344,İstanbul,Ev Yaşam,Kahve Makinesi,4,2199,8796,Banka Kartı,Tamamlandı
S10287,2026-02-25,M0096,İstanbul,Giyim,Kazak,1,749,749,Kredi Kartı,Tamamlandı
S10287,2026-02-25,M0096,İstanbul,Ev Yaşam,Termos,2,449,898,Kredi Kartı,Tamamlandı
S10288,2026-02-26,M0679,Konya,Giyim,Kazak,2,749,1498,Kredi Kartı,Tamamlandı
S10289,2026-02-26,M0326,Ankara,Elektronik,Tablet,1,8999,8999,Kredi Kartı,Tamamlandı
S10289,2026-02-26,M0326,Ankara,Ev Yaşam,Nevresim Takımı,1,1149,1149,Kredi Kartı,Tamamlandı
S10289,2026-02-26,M0326,Ankara,Kozmetik,Nemlendirici Krem,1,399,399,Kredi Kartı,Tamamlandı
S10290,2026-02-26,M0093,İstanbul,Kozmetik,Parfüm,2,1599,3198,Banka Kartı,Tamamlandı
S10290,2026-02-26,M0093,İstanbul,Elektronik,Mekanik Klavye,1,2499,2499,Banka Kartı,Tamamlandı
S10291,2026-02-26,M0694,İstanbul,Kitap,Çocuk Kitabı,1,149,149,Havale/EFT,Tamamlandı
S10292,2026-02-26,M0097,Ankara,Elektronik,Tablet,4,8999,35996,Havale/EFT,Tamamlandı
S10293,2026-02-27,M0844,Ankara,Elektronik,Oyuncu Mouse,3,899,2697,Banka Kartı,Tamamlandı
S10293,2026-02-27,M0844,Ankara,Kitap,Roman,2,189,378,Banka Kartı,Tamamlandı
S10293,2026-02-27,M0844,Ankara,Elektronik,Tablet,2,8999,17998,Banka Kartı,Tamamlandı
S10294,2026-02-27,M0473,İstanbul,Kozmetik,Nemlendirici Krem,1,399,399,Kapıda Ödeme,Tamamlandı
S10295,2026-02-27,M0363,İstanbul,Kitap,Roman,1,189,189,Kredi Kartı,Tamamlandı
S10296,2026-02-27,M0303,Ankara,Elektronik,Akıllı Saat,1,3499,3499,Havale/EFT,Tamamlandı
S10297,2026-02-27,M0817,İzmir,Spor,Koşu Bandı,2,18999,37998,Banka Kartı,Tamamlandı
S10297,2026-02-27,M0817,İzmir,Ev Yaşam,Termos,3,449,1347,Banka Kartı,Tamamlandı
S10298,2026-02-28,M0327,İzmir,Giyim,Kazak,1,749,749,Kredi Kartı,Tamamlandı
S10298,2026-02-28,M0327,İzmir,Ev Yaşam,Nevresim Takımı,1,1149,1149,Kredi Kartı,Tamamlandı
S10299,2026-02-28,M0247,İstanbul,Elektronik,Oyuncu Kulaklığı,1,1899,1899,Havale/EFT,Tamamlandı
S10299,2026-02-28,M0247,İstanbul,Spor,Yoga Matı,2,399,798,Havale/EFT,Tamamlandı
S10299,2026-02-28,M0247,İstanbul,Elektronik,Oyuncu Mouse,2,899,1798,Havale/EFT,Tamamlandı
S10300,2026-02-28,M0606,İstanbul,Ev Yaşam,Termos,1,449,449,Banka Kartı,Tamamlandı
S10300,2026-02-28,M0606,İstanbul,Kitap,Kişisel Gelişim Kitabı,1,229,229,Banka Kartı,Tamamlandı
S10300,2026-02-28,M0606,İstanbul,Elektronik,Mekanik Klavye,1,2499,2499,Banka Kartı,Tamamlandı
S10301,2026-02-28,M0001,İstanbul,Giyim,Kot Pantolon,2,899,1798,Banka Kartı,Tamamlandı
S10301,2026-02-28,M0001,İstanbul,Elektronik,Mekanik Klavye,2,2499,4998,Banka Kartı,Tamamlandı
S10302,2026-02-28,M0114,Adana,Giyim,Kazak,1,749,749,Havale/EFT,Tamamlandı
S10302,2026-02-28,M0114,Adana,Giyim,Kot Pantolon,1,899,899,Havale/EFT,Tamamlandı
S10302,2026-02-28,M0114,Adana,Spor,Koşu Bandı,2,18999,37998,Havale/EFT,Tamamlandı
S10303,2026-02-28,M0576,Bursa,Giyim,Tişört,1,349,349,Kapıda Ödeme,Tamamlandı
S10303,2026-02-28,M0576,Bursa,Kozmetik,Parfüm,2,1599,3198,Kapıda Ödeme,Tamamlandı
S10304,2026-03-01,M0587,Ankara,Elektronik,Oyuncu Mouse,3,899,2697,Kapıda Ödeme,Tamamlandı
S10304,2026-03-01,M0587,Ankara,Giyim,Tişört,3,349,1047,Kapıda Ödeme,Tamamlandı
S10304,2026-03-01,M0587,Ankara,Kozmetik,Parfüm,4,1599,6396,Kapıda Ödeme,Tamamlandı
S10305,2026-03-01,M0091,Antalya,Giyim,Kot Pantolon,1,899,899,Banka Kartı,Tamamlandı
S10305,2026-03-01,M0091,Antalya,Giyim,Spor Ayakkabı,2,1899,3798,Banka Kartı,Tamamlandı
S10306,2026-03-01,M0449,Bursa,Ev Yaşam,Nevresim Takımı,1,1149,1149,Kapıda Ödeme,Tamamlandı
S10306,2026-03-01,M0449,Bursa,Ev Yaşam,Tencere Seti,2,3299,6598,Kapıda Ödeme,Tamamlandı
S10307,2026-03-01,M0167,Ankara,Elektronik,Mekanik Klavye,1,2499,2499,Havale/EFT,Tamamlandı
S10308,2026-03-01,M0385,İstanbul,Kitap,Kişisel Gelişim Kitabı,4,229,916,Kredi Kartı,Tamamlandı
S10308,2026-03-01,M0385,İstanbul,Kozmetik,Nemlendirici Krem,2,399,798,Kredi Kartı,Tamamlandı
S10308,2026-03-01,M0385,İstanbul,Giyim,Kot Pantolon,1,899,899,Kredi Kartı,Tamamlandı
S10309,2026-03-01,M0420,Bursa,Giyim,Mont,1,2299,2299,Banka Kartı,Tamamlandı
S10309,2026-03-01,M0420,Bursa,Ev Yaşam,Tencere Seti,1,3299,3299,Banka Kartı,Tamamlandı
S10310,2026-03-01,M0438,İstanbul,Ev Yaşam,Kahve Makinesi,1,2199,2199,Havale/EFT,Tamamlandı
S10310,2026-03-01,M0438,İstanbul,Kitap,Kişisel Gelişim Kitabı,1,229,229,Havale/EFT,Tamamlandı
S10311,2026-03-01,M0483,Ankara,Ev Yaşam,Kahve Makinesi,3,2199,6597,Banka Kartı,Tamamlandı
S10312,2026-03-02,M0477,İstanbul,Elektronik,Oyuncu Mouse,1,899,899,Havale/EFT,Tamamlandı
S10313,2026-03-02,M0828,İzmir,Ev Yaşam,Tencere Seti,2,3299,6598,Kapıda Ödeme,Tamamlandı
S10314,2026-03-02,M0549,Bursa,Giyim,Mont,1,2299,2299,Kapıda Ödeme,Tamamlandı
S10315,2026-03-02,M0036,Ankara,Kozmetik,Şampuan,1,159,159,Kapıda Ödeme,Tamamlandı
S10315,2026-03-02,M0036,Ankara,Elektronik,Oyuncu Kulaklığı,4,1899,7596,Kapıda Ödeme,Tamamlandı
S10316,2026-03-03,M0130,İstanbul,Elektronik,Tablet,1,8999,8999,Kredi Kartı,Tamamlandı
S10316,2026-03-03,M0130,İstanbul,Giyim,Spor Ayakkabı,2,1899,3798,Kredi Kartı,Tamamlandı
S10317,2026-03-03,M0570,Ankara,Ev Yaşam,Tencere Seti,2,3299,6598,Kredi Kartı,Tamamlandı
S10318,2026-03-03,M0536,Antalya,Ev Yaşam,Termos,4,449,1796,Kredi Kartı,Tamamlandı
S10319,2026-03-03,M0109,İzmir,Ev Yaşam,Nevresim Takımı,1,1149,1149,Kredi Kartı,Tamamlandı
S10320,2026-03-03,M0498,İzmir,Giyim,Spor Ayakkabı,2,1899,3798,Kredi Kartı,Tamamlandı
S10321,2026-03-03,M0406,Adana,Kozmetik,Güneş Kremi,3,459,0,Kredi Kartı,İade
S10322,2026-03-04,M0288,Antalya,Kitap,Roman,1,189,189,Havale/EFT,Tamamlandı
S10322,2026-03-04,M0288,Antalya,Kozmetik,Nemlendirici Krem,2,399,798,Havale/EFT,Tamamlandı
S10323,2026-03-04,M0092,İstanbul,Kozmetik,Güneş Kremi,2,459,918,Kredi Kartı,Tamamlandı
S10323,2026-03-04,M0092,İstanbul,Ev Yaşam,Kahve Makinesi,1,2199,2199,Kredi Kartı,Tamamlandı
S10324,2026-03-04,M0139,Antalya,Elektronik,Oyuncu Kulaklığı,1,1899,1899,Kredi Kartı,Tamamlandı
S10325,2026-03-04,M0034,Ankara,Giyim,Kazak,1,749,749,Kapıda Ödeme,Tamamlandı
S10325,2026-03-04,M0034,Ankara,Elektronik,Kablosuz Kulaklık,1,1299,1299,Kapıda Ödeme,Tamamlandı
S10326,2026-03-04,M0182,Konya,Giyim,Kazak,1,749,749,Kredi Kartı,Tamamlandı
S10327,2026-03-04,M0093,İstanbul,Ev Yaşam,Tencere Seti,2,3299,6598,Kredi Kartı,Tamamlandı
S10328,2026-03-05,M0694,İstanbul,Spor,Koşu Bandı,2,18999,37998,Banka Kartı,Tamamlandı
S10329,2026-03-05,M0136,İzmir,Giyim,Kazak,1,749,749,Banka Kartı,Tamamlandı
S10330,2026-03-05,M0659,İstanbul,Ev Yaşam,Nevresim Takımı,1,1149,1149,Havale/EFT,Tamamlandı
S10330,2026-03-05,M0659,İstanbul,Kozmetik,Şampuan,1,159,159,Havale/EFT,Tamamlandı
S10331,2026-03-05,M0864,Antalya,Giyim,Spor Ayakkabı,1,1899,1899,Banka Kartı,Tamamlandı
S10332,2026-03-06,M0284,İstanbul,Giyim,Kot Pantolon,2,899,1798,Banka Kartı,Tamamlandı
S10332,2026-03-06,M0284,İstanbul,Spor,Dambıl Seti,1,1249,1249,Banka Kartı,Tamamlandı
S10333,2026-03-06,M0698,İstanbul,Giyim,Kazak,1,749,749,Kredi Kartı,Tamamlandı
S10334,2026-03-06,M0598,Bursa,Kozmetik,Parfüm,1,1599,1599,Banka Kartı,Tamamlandı
S10335,2026-03-06,M0688,Ankara,Kozmetik,Şampuan,1,159,159,Kredi Kartı,Tamamlandı
S10336,2026-03-06,M0759,İstanbul,Elektronik,Oyuncu Mouse,1,899,899,Havale/EFT,Tamamlandı
S10336,2026-03-06,M0759,İstanbul,Giyim,Spor Ayakkabı,1,1899,1899,Havale/EFT,Tamamlandı
S10337,2026-03-07,M0340,Ankara,Elektronik,Kablosuz Kulaklık,2,1299,2598,Banka Kartı,Tamamlandı
S10338,2026-03-07,M0636,İstanbul,Spor,Yoga Matı,1,399,399,Havale/EFT,Tamamlandı
S10339,2026-03-07,M0875,İstanbul,Kitap,Çocuk Kitabı,4,149,596,Kapıda Ödeme,Tamamlandı
S10340,2026-03-07,M0884,Bursa,Kozmetik,Parfüm,2,1599,0,Havale/EFT,İade
S10341,2026-03-07,M0281,İstanbul,Elektronik,Tablet,2,8999,17998,Havale/EFT,Tamamlandı
S10342,2026-03-07,M0445,İzmir,Giyim,Kot Pantolon,1,899,899,Kredi Kartı,Tamamlandı
S10342,2026-03-07,M0445,İzmir,Elektronik,Akıllı Saat,2,3499,6998,Kredi Kartı,Tamamlandı
S10342,2026-03-07,M0445,İzmir,Kozmetik,Şampuan,1,159,159,Kredi Kartı,Tamamlandı
S10343,2026-03-07,M0353,İstanbul,Giyim,Kot Pantolon,1,899,899,Kredi Kartı,Tamamlandı
S10344,2026-03-07,M0467,Bursa,Kitap,Çocuk Kitabı,1,149,149,Banka Kartı,Tamamlandı
S10345,2026-03-07,M0368,Bursa,Spor,Yoga Matı,1,399,399,Kredi Kartı,Tamamlandı
S10345,2026-03-07,M0368,Bursa,Elektronik,Kablosuz Kulaklık,1,1299,1299,Kredi Kartı,Tamamlandı
S10345,2026-03-07,M0368,Bursa,Kozmetik,Güneş Kremi,1,459,459,Kredi Kartı,Tamamlandı
S10346,2026-03-08,M0609,Trabzon,Elektronik,Oyuncu Mouse,1,899,899,Banka Kartı,Tamamlandı
S10346,2026-03-08,M0609,Trabzon,Ev Yaşam,Termos,1,449,449,Banka Kartı,Tamamlandı
S10347,2026-03-08,M0646,İstanbul,Ev Yaşam,Masa Lambası,2,649,1298,Kredi Kartı,Tamamlandı
S10348,2026-03-08,M0108,İzmir,Spor,Dambıl Seti,1,1249,1249,Banka Kartı,Tamamlandı
S10349,2026-03-08,M0852,İzmir,Giyim,Kot Pantolon,1,899,899,Kredi Kartı,Tamamlandı
S10349,2026-03-08,M0852,İzmir,Kitap,Roman,1,189,189,Kredi Kartı,Tamamlandı
S10350,2026-03-08,M0114,Antalya,Elektronik,Bluetooth Hoparlör,2,1799,3598,Banka Kartı,Tamamlandı
S10351,2026-03-08,M0263,İzmir,Giyim,Kot Pantolon,2,899,1798,Kredi Kartı,Tamamlandı
S10351,2026-03-08,M0263,İzmir,Spor,Yoga Matı,2,399,798,Kredi Kartı,Tamamlandı
S10351,2026-03-08,M0263,İzmir,Elektronik,Tablet,3,8999,0,Kredi Kartı,İade
S10352,2026-03-08,M0142,Bursa,Ev Yaşam,Masa Lambası,3,649,1947,Kredi Kartı,Tamamlandı
S10353,2026-03-08,M0835,Ankara,Ev Yaşam,Tencere Seti,2,3299,6598,Kredi Kartı,Tamamlandı
S10354,2026-03-09,M0432,İzmir,Kozmetik,Parfüm,3,1599,4797,Havale/EFT,Tamamlandı
S10355,2026-03-09,M0427,Konya,Ev Yaşam,Masa Lambası,2,649,1298,Kredi Kartı,Tamamlandı
S10356,2026-03-09,M0884,Bursa,Elektronik,Oyuncu Kulaklığı,1,1899,1899,Havale/EFT,Tamamlandı
S10356,2026-03-09,M0884,Bursa,Elektronik,Mekanik Klavye,1,2499,2499,Havale/EFT,Tamamlandı
S10356,2026-03-09,M0884,Bursa,Kozmetik,Güneş Kremi,1,459,459,Havale/EFT,Tamamlandı
S10357,2026-03-10,M0347,İzmir,Giyim,Spor Ayakkabı,1,1899,1899,Banka Kartı,Tamamlandı
S10357,2026-03-10,M0347,İzmir,Kozmetik,Parfüm,2,1599,3198,Banka Kartı,Tamamlandı
S10358,2026-03-10,M0628,İstanbul,Spor,Dambıl Seti,2,1249,2498,Banka Kartı,Tamamlandı
S10359,2026-03-10,M0504,İstanbul,Ev Yaşam,Termos,1,449,449,Kredi Kartı,Tamamlandı
S10360,2026-03-10,M0081,Ankara,Spor,Yoga Matı,1,399,399,Havale/EFT,Tamamlandı
S10361,2026-03-10,M0670,İstanbul,Ev Yaşam,Tencere Seti,2,3299,6598,Kredi Kartı,Tamamlandı
S10362,2026-03-10,M0653,İstanbul,Kozmetik,Güneş Kremi,1,459,459,Kredi Kartı,Tamamlandı
S10363,2026-03-10,M0229,Antalya,Ev Yaşam,Masa Lambası,1,649,649,Kredi Kartı,Tamamlandı
S10363,2026-03-10,M0229,Antalya,Elektronik,Oyuncu Mouse,1,899,899,Kredi Kartı,Tamamlandı
S10364,2026-03-11,M0649,Konya,Kozmetik,Parfüm,1,1599,1599,Kredi Kartı,Tamamlandı
S10365,2026-03-11,M0735,Bursa,Elektronik,Kablosuz Kulaklık,2,1299,2598,Kredi Kartı,Tamamlandı
S10366,2026-03-11,M0845,Antalya,Giyim,Kazak,2,749,1498,Banka Kartı,Tamamlandı
S10367,2026-03-11,M0791,Adana,Ev Yaşam,Tencere Seti,1,3299,3299,Kredi Kartı,Tamamlandı
S10368,2026-03-11,M0567,Konya,Ev Yaşam,Tencere Seti,1,3299,3299,Havale/EFT,Tamamlandı
S10369,2026-03-12,M0397,Bursa,Kitap,Kişisel Gelişim Kitabı,1,229,229,Banka Kartı,Tamamlandı
S10370,2026-03-12,M0255,İstanbul,Ev Yaşam,Kahve Makinesi,1,2199,2199,Kapıda Ödeme,Tamamlandı
S10370,2026-03-12,M0255,İstanbul,Kozmetik,Nemlendirici Krem,2,399,798,Kapıda Ödeme,Tamamlandı
S10370,2026-03-12,M0255,İstanbul,Kozmetik,Güneş Kremi,2,459,918,Kapıda Ödeme,Tamamlandı
S10371,2026-03-12,M0640,Bursa,Elektronik,Oyuncu Mouse,4,899,3596,Banka Kartı,Tamamlandı
S10371,2026-03-12,M0640,Bursa,Ev Yaşam,Masa Lambası,2,649,1298,Banka Kartı,Tamamlandı
S10371,2026-03-12,M0640,Bursa,Ev Yaşam,Termos,3,449,1347,Banka Kartı,Tamamlandı
S10372,2026-03-12,M0691,Bursa,Spor,Dambıl Seti,1,1249,1249,Havale/EFT,Tamamlandı
S10373,2026-03-12,M0149,İstanbul,Spor,Koşu Bandı,2,18999,37998,Kredi Kartı,Tamamlandı
S10374,2026-03-13,M0064,Bursa,Elektronik,Tablet,1,8999,8999,Kredi Kartı,Tamamlandı
S10374,2026-03-13,M0064,Bursa,Kozmetik,Güneş Kremi,2,459,918,Kredi Kartı,Tamamlandı
S10375,2026-03-13,M0244,Ankara,Kozmetik,Parfüm,1,1599,1599,Havale/EFT,Tamamlandı
S10375,2026-03-13,M0244,Ankara,Spor,Dambıl Seti,4,1249,4996,Havale/EFT,Tamamlandı
S10376,2026-03-13,M0762,İstanbul,Kitap,Çocuk Kitabı,3,149,447,Banka Kartı,Tamamlandı
S10376,2026-03-13,M0762,İstanbul,Kozmetik,Güneş Kremi,1,459,459,Banka Kartı,Tamamlandı
S10377,2026-03-13,M0795,Bursa,Kitap,Roman,4,189,756,Kredi Kartı,Tamamlandı
S10378,2026-03-13,M0123,Ankara,Elektronik,Oyuncu Mouse,1,899,899,Kredi Kartı,Tamamlandı
S10379,2026-03-14,M0158,Konya,Kozmetik,Güneş Kremi,1,459,459,Banka Kartı,Tamamlandı
S10379,2026-03-14,M0158,Konya,Ev Yaşam,Kahve Makinesi,2,2199,4398,Banka Kartı,Tamamlandı
S10380,2026-03-14,M0189,İzmir,Ev Yaşam,Termos,1,449,449,Havale/EFT,Tamamlandı
S10381,2026-03-14,M0680,İstanbul,Kozmetik,Şampuan,4,159,636,Kredi Kartı,Tamamlandı
S10382,2026-03-14,M0665,İstanbul,Kitap,Kişisel Gelişim Kitabı,2,229,458,Banka Kartı,Tamamlandı
S10383,2026-03-14,M0699,Adana,Elektronik,Mekanik Klavye,2,2499,0,Kredi Kartı,İade
S10383,2026-03-14,M0699,Adana,Ev Yaşam,Masa Lambası,1,649,649,Kredi Kartı,Tamamlandı
S10384,2026-03-14,M0499,İstanbul,Ev Yaşam,Tencere Seti,1,3299,3299,Havale/EFT,Tamamlandı
S10385,2026-03-14,M0551,İzmir,Kozmetik,Parfüm,2,1599,3198,Banka Kartı,Tamamlandı
S10386,2026-03-15,M0211,İzmir,Kozmetik,Şampuan,3,159,477,Banka Kartı,Tamamlandı
S10386,2026-03-15,M0211,İzmir,Elektronik,Bluetooth Hoparlör,1,1799,1799,Banka Kartı,Tamamlandı
S10386,2026-03-15,M0211,İzmir,Elektronik,Tablet,1,8999,8999,Banka Kartı,Tamamlandı
S10387,2026-03-15,M0234,Adana,Giyim,Mont,1,2299,2299,Kredi Kartı,Tamamlandı
S10388,2026-03-15,M0007,İzmir,Ev Yaşam,Masa Lambası,1,649,649,Banka Kartı,Tamamlandı
S10388,2026-03-15,M0007,İzmir,Elektronik,Tablet,1,8999,8999,Banka Kartı,Tamamlandı
S10389,2026-03-15,M0784,Konya,Elektronik,Mekanik Klavye,1,2499,2499,Kredi Kartı,Tamamlandı
S10389,2026-03-15,M0784,Konya,Spor,Dambıl Seti,1,1249,1249,Kredi Kartı,Tamamlandı
S10390,2026-03-15,M0306,Bursa,Kozmetik,Nemlendirici Krem,3,399,1197,Kapıda Ödeme,Tamamlandı
S10390,2026-03-15,M0306,Bursa,Ev Yaşam,Kahve Makinesi,1,2199,2199,Kapıda Ödeme,Tamamlandı
S10391,2026-03-15,M0551,İzmir,Kozmetik,Şampuan,1,159,159,Kredi Kartı,Tamamlandı
S10392,2026-03-15,M0872,İzmir,Spor,Yoga Matı,1,399,399,Kredi Kartı,Tamamlandı
S10393,2026-03-16,M0563,Ankara,Elektronik,Kablosuz Kulaklık,2,1299,2598,Kredi Kartı,Tamamlandı
S10394,2026-03-16,M0339,Ankara,Giyim,Kot Pantolon,1,899,899,Banka Kartı,Tamamlandı
S10395,2026-03-16,M0337,İzmir,Ev Yaşam,Nevresim Takımı,1,1149,1149,Kredi Kartı,Tamamlandı
S10396,2026-03-16,M0005,İstanbul,Kozmetik,Nemlendirici Krem,1,399,399,Havale/EFT,Tamamlandı
S10396,2026-03-16,M0005,İstanbul,Giyim,Tişört,1,349,349,Havale/EFT,Tamamlandı
S10397,2026-03-16,M0499,İzmir,Spor,Dambıl Seti,1,1249,1249,Kredi Kartı,Tamamlandı
S10397,2026-03-16,M0499,İzmir,Giyim,Kazak,1,749,749,Kredi Kartı,Tamamlandı
S10398,2026-03-16,M0020,Adana,Ev Yaşam,Masa Lambası,1,649,649,Banka Kartı,Tamamlandı
S10398,2026-03-16,M0020,Adana,Giyim,Kazak,1,749,749,Banka Kartı,Tamamlandı
S10399,2026-03-16,M0153,Ankara,Kozmetik,Nemlendirici Krem,1,399,399,Kredi Kartı,Tamamlandı
S10399,2026-03-16,M0153,Ankara,Giyim,Tişört,2,349,698,Kredi Kartı,Tamamlandı
S10400,2026-03-17,M0826,Trabzon,Elektronik,Mekanik Klavye,1,2499,2499,Banka Kartı,Tamamlandı
S10400,2026-03-17,M0826,Trabzon,Kitap,Roman,2,189,378,Banka Kartı,Tamamlandı
S10401,2026-03-17,M0042,İstanbul,Giyim,Kot Pantolon,1,899,899,Kredi Kartı,Tamamlandı
S10402,2026-03-17,M0370,Ankara,Elektronik,Oyuncu Mouse,1,899,899,Kapıda Ödeme,Tamamlandı
S10402,2026-03-17,M0370,Ankara,Kozmetik,Nemlendirici Krem,2,399,798,Kapıda Ödeme,Tamamlandı
S10403,2026-03-18,M0388,Ankara,Ev Yaşam,Nevresim Takımı,3,1149,3447,Banka Kartı,Tamamlandı
S10403,2026-03-18,M0388,Ankara,Giyim,Kazak,1,749,749,Banka Kartı,Tamamlandı
S10404,2026-03-18,M0619,İstanbul,Giyim,Tişört,1,349,349,Havale/EFT,Tamamlandı
S10405,2026-03-18,M0162,Ankara,Giyim,Kazak,2,749,1498,Banka Kartı,Tamamlandı
S10406,2026-03-18,M0491,Ankara,Giyim,Mont,1,2299,2299,Banka Kartı,Tamamlandı
S10406,2026-03-18,M0491,Ankara,Elektronik,Bluetooth Hoparlör,3,1799,5397,Banka Kartı,Tamamlandı
S10407,2026-03-19,M0171,İstanbul,Ev Yaşam,Termos,1,449,449,Kredi Kartı,Tamamlandı
S10407,2026-03-19,M0171,İstanbul,Kozmetik,Nemlendirici Krem,1,399,399,Kredi Kartı,Tamamlandı
S10407,2026-03-19,M0171,İstanbul,Kitap,Çocuk Kitabı,1,149,149,Kredi Kartı,Tamamlandı
S10408,2026-03-19,M0616,İstanbul,Kozmetik,Şampuan,1,159,159,Banka Kartı,Tamamlandı
S10408,2026-03-19,M0616,İstanbul,Kitap,Kişisel Gelişim Kitabı,1,229,229,Banka Kartı,Tamamlandı
S10409,2026-03-19,M0136,İstanbul,Ev Yaşam,Termos,1,449,449,Kredi Kartı,Tamamlandı
S10409,2026-03-19,M0136,İstanbul,Ev Yaşam,Masa Lambası,1,649,649,Kredi Kartı,Tamamlandı
S10410,2026-03-19,M0516,Bursa,Kitap,Kişisel Gelişim Kitabı,1,229,229,Kredi Kartı,Tamamlandı
S10410,2026-03-19,M0516,Bursa,Kozmetik,Nemlendirici Krem,1,399,399,Kredi Kartı,Tamamlandı
S10411,2026-03-19,M0715,İzmir,Spor,Yoga Matı,1,399,399,Kredi Kartı,Tamamlandı
S10411,2026-03-19,M0715,İzmir,Kozmetik,Şampuan,1,159,159,Kredi Kartı,Tamamlandı
S10412,2026-03-20,M0880,İstanbul,Giyim,Kot Pantolon,2,899,0,Banka Kartı,İade
S10413,2026-03-20,M0536,İstanbul,Kozmetik,Nemlendirici Krem,1,399,399,Kredi Kartı,Tamamlandı
S10413,2026-03-20,M0536,İstanbul,Kozmetik,Nemlendirici Krem,2,399,798,Kredi Kartı,Tamamlandı
S10414,2026-03-20,M0375,İzmir,Elektronik,Bluetooth Hoparlör,1,1799,1799,Kapıda Ödeme,Tamamlandı
S10415,2026-03-20,M0573,İzmir,Giyim,Spor Ayakkabı,2,1899,3798,Kredi Kartı,Tamamlandı
S10416,2026-03-21,M0676,İstanbul,Kitap,Roman,1,189,189,Kredi Kartı,Tamamlandı
S10416,2026-03-21,M0676,İstanbul,Spor,Dambıl Seti,2,1249,2498,Kredi Kartı,Tamamlandı
S10417,2026-03-21,M0399,Konya,Elektronik,Oyuncu Kulaklığı,1,1899,1899,Kredi Kartı,Tamamlandı
S10418,2026-03-21,M0228,Ankara,Kitap,Kişisel Gelişim Kitabı,2,229,458,Banka Kartı,Tamamlandı
S10418,2026-03-21,M0228,Ankara,Kitap,Roman,2,189,378,Banka Kartı,Tamamlandı
S10419,2026-03-21,M0507,Ankara,Spor,Yoga Matı,1,399,399,Kredi Kartı,Tamamlandı
S10419,2026-03-21,M0507,Ankara,Ev Yaşam,Nevresim Takımı,1,1149,1149,Kredi Kartı,Tamamlandı
S10420,2026-03-21,M0245,İzmir,Giyim,Mont,2,2299,4598,Kapıda Ödeme,Tamamlandı
S10421,2026-03-21,M0206,İzmir,Elektronik,Mekanik Klavye,2,2499,4998,Banka Kartı,Tamamlandı
S10422,2026-03-21,M0357,Ankara,Kitap,Kişisel Gelişim Kitabı,1,229,0,Havale/EFT,İade
S10423,2026-03-21,M0180,Ankara,Giyim,Kazak,2,749,1498,Kredi Kartı,Tamamlandı
S10424,2026-03-22,M0589,İstanbul,Ev Yaşam,Nevresim Takımı,1,1149,1149,Kredi Kartı,Tamamlandı
S10425,2026-03-22,M0698,Ankara,Elektronik,Kablosuz Kulaklık,2,1299,2598,Banka Kartı,Tamamlandı
S10426,2026-03-22,M0694,Bursa,Giyim,Tişört,2,349,698,Havale/EFT,Tamamlandı
S10427,2026-03-22,M0295,İstanbul,Elektronik,Oyuncu Kulaklığı,1,1899,1899,Banka Kartı,Tamamlandı
S10427,2026-03-22,M0295,İstanbul,Kitap,Roman,3,189,567,Banka Kartı,Tamamlandı
S10428,2026-03-22,M0195,Ankara,Kitap,Roman,1,189,189,Kredi Kartı,Tamamlandı
S10428,2026-03-22,M0195,Ankara,Kozmetik,Parfüm,1,1599,1599,Kredi Kartı,Tamamlandı
S10429,2026-03-22,M0693,Konya,Spor,Koşu Bandı,2,18999,37998,Kredi Kartı,Tamamlandı
S10430,2026-03-22,M0323,Ankara,Spor,Dambıl Seti,4,1249,4996,Kapıda Ödeme,Tamamlandı
S10430,2026-03-22,M0323,Ankara,Giyim,Mont,1,2299,2299,Kapıda Ödeme,Tamamlandı
S10431,2026-03-22,M0819,Ankara,Giyim,Kazak,2,749,1498,Kapıda Ödeme,Tamamlandı
S10432,2026-03-22,M0124,Bursa,Elektronik,Mekanik Klavye,1,2499,2499,Kredi Kartı,Tamamlandı
S10432,2026-03-22,M0124,Bursa,Kozmetik,Nemlendirici Krem,1,399,399,Kredi Kartı,Tamamlandı
S10433,2026-03-23,M0483,Konya,Giyim,Tişört,2,349,698,Kredi Kartı,Tamamlandı
S10434,2026-03-23,M0411,İstanbul,Ev Yaşam,Nevresim Takımı,1,1149,1149,Kredi Kartı,Tamamlandı
S10435,2026-03-23,M0242,İzmir,Spor,Dambıl Seti,1,1249,0,Havale/EFT,İade
S10436,2026-03-24,M0870,İzmir,Ev Yaşam,Nevresim Takımı,2,1149,2298,Kredi Kartı,Tamamlandı
S10437,2026-03-24,M0102,Bursa,Ev Yaşam,Masa Lambası,1,649,649,Kredi Kartı,Tamamlandı
S10437,2026-03-24,M0102,Bursa,Giyim,Tişört,3,349,1047,Kredi Kartı,Tamamlandı
S10438,2026-03-24,M0021,Ankara,Ev Yaşam,Termos,2,449,898,Kredi Kartı,Tamamlandı
S10438,2026-03-24,M0021,Ankara,Kitap,Roman,1,189,189,Kredi Kartı,Tamamlandı
S10439,2026-03-24,M0794,Bursa,Giyim,Spor Ayakkabı,1,1899,1899,Havale/EFT,Tamamlandı
S10440,2026-03-24,M0828,Konya,Giyim,Kazak,1,749,749,Kredi Kartı,Tamamlandı
S10440,2026-03-24,M0828,Konya,Giyim,Spor Ayakkabı,2,1899,3798,Kredi Kartı,Tamamlandı
S10441,2026-03-25,M0405,İstanbul,Giyim,Tişört,4,349,1396,Kredi Kartı,Tamamlandı
S10441,2026-03-25,M0405,İstanbul,Elektronik,Kablosuz Kulaklık,2,1299,2598,Kredi Kartı,Tamamlandı
S10442,2026-03-25,M0762,Bursa,Elektronik,Kablosuz Kulaklık,3,1299,3897,Kredi Kartı,Tamamlandı
S10443,2026-03-25,M0027,Antalya,Elektronik,Oyuncu Mouse,1,899,899,Kredi Kartı,Tamamlandı
S10443,2026-03-25,M0027,Antalya,Giyim,Mont,2,2299,4598,Kredi Kartı,Tamamlandı
S10443,2026-03-25,M0027,Antalya,Elektronik,Bluetooth Hoparlör,1,1799,1799,Kredi Kartı,Tamamlandı
S10444,2026-03-25,M0366,Adana,Kitap,Kişisel Gelişim Kitabı,1,229,229,Kredi Kartı,Tamamlandı
S10445,2026-03-25,M0715,İzmir,Kozmetik,Güneş Kremi,1,459,459,Banka Kartı,Tamamlandı
S10446,2026-03-25,M0547,İstanbul,Spor,Yoga Matı,1,399,399,Kredi Kartı,Tamamlandı
S10447,2026-03-26,M0835,Antalya,Ev Yaşam,Masa Lambası,1,649,649,Kredi Kartı,Tamamlandı
S10448,2026-03-26,M0307,İstanbul,Giyim,Kot Pantolon,1,899,899,Kredi Kartı,Tamamlandı
S10449,2026-03-26,M0575,Ankara,Kozmetik,Güneş Kremi,1,459,459,Kredi Kartı,Tamamlandı
S10449,2026-03-26,M0575,Ankara,Kozmetik,Şampuan,2,159,318,Kredi Kartı,Tamamlandı
S10450,2026-03-26,M0711,Bursa,Spor,Yoga Matı,2,399,798,Kredi Kartı,Tamamlandı
S10450,2026-03-26,M0711,Bursa,Giyim,Spor Ayakkabı,1,1899,1899,Kredi Kartı,Tamamlandı
S10451,2026-03-26,M0638,Ankara,Kitap,Roman,4,189,756,Kredi Kartı,Tamamlandı
S10452,2026-03-27,M0129,Bursa,Elektronik,Bluetooth Hoparlör,1,1799,1799,Banka Kartı,Tamamlandı
S10453,2026-03-27,M0819,Ankara,Elektronik,Kablosuz Kulaklık,2,1299,2598,Kredi Kartı,Tamamlandı
S10453,2026-03-27,M0819,Ankara,Giyim,Mont,1,2299,2299,Kredi Kartı,Tamamlandı
S10454,2026-03-27,M0862,İstanbul,Kitap,Çocuk Kitabı,1,149,149,Kredi Kartı,Tamamlandı
S10455,2026-03-27,M0254,Bursa,Kozmetik,Şampuan,4,159,636,Kredi Kartı,Tamamlandı
S10456,2026-03-27,M0698,Konya,Kozmetik,Şampuan,1,159,159,Kapıda Ödeme,Tamamlandı
S10457,2026-03-28,M0370,Adana,Elektronik,Oyuncu Mouse,1,899,899,Havale/EFT,Tamamlandı
S10458,2026-03-28,M0283,İzmir,Kitap,Kişisel Gelişim Kitabı,2,229,458,Kredi Kartı,Tamamlandı
S10459,2026-03-28,M0159,Ankara,Elektronik,Oyuncu Mouse,3,899,2697,Kredi Kartı,Tamamlandı
S10460,2026-03-28,M0641,İstanbul,Ev Yaşam,Kahve Makinesi,1,2199,2199,Kredi Kartı,Tamamlandı
S10461,2026-03-28,M0572,Antalya,Ev Yaşam,Kahve Makinesi,2,2199,4398,Havale/EFT,Tamamlandı
S10461,2026-03-28,M0572,Antalya,Elektronik,Oyuncu Kulaklığı,1,1899,1899,Havale/EFT,Tamamlandı
S10462,2026-03-28,M0302,İzmir,Ev Yaşam,Nevresim Takımı,1,1149,1149,Kredi Kartı,Tamamlandı
S10463,2026-03-29,M0614,Konya,Elektronik,Akıllı Saat,1,3499,3499,Banka Kartı,Tamamlandı
S10464,2026-03-29,M0001,Antalya,Kitap,Kişisel Gelişim Kitabı,1,229,229,Kredi Kartı,Tamamlandı
S10464,2026-03-29,M0001,Antalya,Giyim,Kot Pantolon,4,899,3596,Kredi Kartı,Tamamlandı
S10465,2026-03-29,M0195,İzmir,Kozmetik,Nemlendirici Krem,2,399,798,Kredi Kartı,Tamamlandı
S10466,2026-03-29,M0536,Bursa,Elektronik,Kablosuz Kulaklık,1,1299,1299,Kredi Kartı,Tamamlandı
S10466,2026-03-29,M0536,Bursa,Elektronik,Oyuncu Mouse,1,899,899,Kredi Kartı,Tamamlandı
S10466,2026-03-29,M0536,Bursa,Kozmetik,Şampuan,1,159,159,Kredi Kartı,Tamamlandı
S10467,2026-03-29,M0736,İstanbul,Ev Yaşam,Tencere Seti,1,3299,3299,Kapıda Ödeme,Tamamlandı
S10468,2026-03-29,M0063,Ankara,Spor,Dambıl Seti,1,1249,1249,Banka Kartı,Tamamlandı
S10468,2026-03-29,M0063,Ankara,Ev Yaşam,Masa Lambası,2,649,1298,Banka Kartı,Tamamlandı
S10469,2026-03-29,M0222,Konya,Ev Yaşam,Kahve Makinesi,1,2199,2199,Kredi Kartı,Tamamlandı
S10469,2026-03-29,M0222,Konya,Kozmetik,Parfüm,2,1599,3198,Kredi Kartı,Tamamlandı
S10470,2026-03-29,M0109,Antalya,Kozmetik,Nemlendirici Krem,1,399,399,Banka Kartı,Tamamlandı
S10470,2026-03-29,M0109,Antalya,Ev Yaşam,Termos,2,449,898,Banka Kartı,Tamamlandı
S10471,2026-03-30,M0323,İzmir,Giyim,Spor Ayakkabı,2,1899,3798,Kapıda Ödeme,Tamamlandı
S10471,2026-03-30,M0323,İzmir,Giyim,Tişört,1,349,349,Kapıda Ödeme,Tamamlandı
S10472,2026-03-30,M0763,İstanbul,Giyim,Spor Ayakkabı,4,1899,7596,Kapıda Ödeme,Tamamlandı
S10473,2026-03-30,M0531,İstanbul,Kitap,Roman,1,189,189,Havale/EFT,Tamamlandı
S10474,2026-03-31,M0707,Antalya,Ev Yaşam,Termos,1,449,449,Kapıda Ödeme,Tamamlandı
S10475,2026-03-31,M0160,İstanbul,Giyim,Kazak,1,749,749,Kredi Kartı,Tamamlandı
S10476,2026-03-31,M0223,Bursa,Elektronik,Tablet,2,8999,17998,Banka Kartı,Tamamlandı
S10476,2026-03-31,M0223,Bursa,Kitap,Kişisel Gelişim Kitabı,1,229,229,Banka Kartı,Tamamlandı
S10477,2026-04-01,M0058,Konya,Giyim,Kazak,1,749,749,Kredi Kartı,Tamamlandı
S10477,2026-04-01,M0058,Konya,Kozmetik,Güneş Kremi,3,459,1377,Kredi Kartı,Tamamlandı
S10478,2026-04-01,M0648,Ankara,Ev Yaşam,Kahve Makinesi,1,2199,2199,Kredi Kartı,Tamamlandı
S10479,2026-04-01,M0052,Bursa,Kozmetik,Şampuan,1,159,159,Kapıda Ödeme,Tamamlandı
S10479,2026-04-01,M0052,Bursa,Spor,Yoga Matı,1,399,399,Kapıda Ödeme,Tamamlandı
S10479,2026-04-01,M0052,Bursa,Kozmetik,Şampuan,1,159,159,Kapıda Ödeme,Tamamlandı
S10480,2026-04-01,M0445,Antalya,Ev Yaşam,Termos,2,449,898,Kredi Kartı,Tamamlandı
S10481,2026-04-01,M0631,Trabzon,Giyim,Tişört,2,349,698,Kredi Kartı,Tamamlandı
S10482,2026-04-02,M0116,Bursa,Giyim,Tişört,1,349,349,Kredi Kartı,Tamamlandı
S10483,2026-04-02,M0359,İzmir,Elektronik,Kablosuz Kulaklık,2,1299,2598,Kapıda Ödeme,Tamamlandı
S10484,2026-04-02,M0383,İstanbul,Kozmetik,Parfüm,2,1599,3198,Banka Kartı,Tamamlandı
S10485,2026-04-02,M0853,Antalya,Elektronik,Bluetooth Hoparlör,1,1799,1799,Kredi Kartı,Tamamlandı
S10485,2026-04-02,M0853,Antalya,Ev Yaşam,Nevresim Takımı,1,1149,1149,Kredi Kartı,Tamamlandı
S10486,2026-04-02,M0495,İzmir,Kozmetik,Nemlendirici Krem,3,399,1197,Kapıda Ödeme,Tamamlandı
S10486,2026-04-02,M0495,İzmir,Giyim,Kot Pantolon,1,899,899,Kapıda Ödeme,Tamamlandı
S10487,2026-04-03,M0009,İstanbul,Kitap,Kişisel Gelişim Kitabı,1,229,229,Banka Kartı,Tamamlandı
S10487,2026-04-03,M0009,İstanbul,Kitap,Kişisel Gelişim Kitabı,4,229,916,Banka Kartı,Tamamlandı
S10488,2026-04-03,M0727,İstanbul,Ev Yaşam,Kahve Makinesi,1,2199,2199,Kredi Kartı,Tamamlandı
S10488,2026-04-03,M0727,İstanbul,Kitap,Roman,1,189,189,Kredi Kartı,Tamamlandı
S10489,2026-04-03,M0342,Ankara,Kozmetik,Nemlendirici Krem,1,399,399,Banka Kartı,Tamamlandı
S10490,2026-04-03,M0514,İstanbul,Giyim,Kazak,4,749,2996,Kredi Kartı,Tamamlandı
S10491,2026-04-03,M0287,İstanbul,Elektronik,Tablet,1,8999,8999,Kredi Kartı,Tamamlandı
S10492,2026-04-04,M0894,İzmir,Elektronik,Oyuncu Kulaklığı,3,1899,5697,Kredi Kartı,Tamamlandı
S10493,2026-04-04,M0556,İstanbul,Kozmetik,Parfüm,1,1599,1599,Banka Kartı,Tamamlandı
S10494,2026-04-04,M0537,Adana,Kozmetik,Şampuan,1,159,159,Kredi Kartı,Tamamlandı
S10494,2026-04-04,M0537,Adana,Elektronik,Bluetooth Hoparlör,2,1799,3598,Kredi Kartı,Tamamlandı
S10494,2026-04-04,M0537,Adana,Spor,Yoga Matı,1,399,399,Kredi Kartı,Tamamlandı
S10495,2026-04-04,M0424,Konya,Spor,Dambıl Seti,2,1249,2498,Kredi Kartı,Tamamlandı
S10495,2026-04-04,M0424,Konya,Elektronik,Kablosuz Kulaklık,1,1299,1299,Kredi Kartı,Tamamlandı
S10496,2026-04-04,M0632,İstanbul,Giyim,Spor Ayakkabı,1,1899,1899,Banka Kartı,Tamamlandı
S10497,2026-04-04,M0489,İstanbul,Kozmetik,Parfüm,1,1599,1599,Havale/EFT,Tamamlandı
S10498,2026-04-04,M0168,İstanbul,Elektronik,Mekanik Klavye,1,2499,2499,Kredi Kartı,Tamamlandı
S10498,2026-04-04,M0168,İstanbul,Kitap,Çocuk Kitabı,1,149,149,Kredi Kartı,Tamamlandı
S10499,2026-04-04,M0450,Adana,Ev Yaşam,Nevresim Takımı,1,1149,1149,Kredi Kartı,Tamamlandı
S10500,2026-04-04,M0753,Antalya,Kitap,Kişisel Gelişim Kitabı,1,229,229,Banka Kartı,Tamamlandı
S10501,2026-04-05,M0112,Ankara,Kitap,Kişisel Gelişim Kitabı,1,229,229,Havale/EFT,Tamamlandı
S10502,2026-04-05,M0572,Ankara,Elektronik,Bluetooth Hoparlör,3,1799,5397,Havale/EFT,Tamamlandı
S10502,2026-04-05,M0572,Ankara,Giyim,Kot Pantolon,1,899,899,Havale/EFT,Tamamlandı
S10502,2026-04-05,M0572,Ankara,Kozmetik,Güneş Kremi,1,459,459,Havale/EFT,Tamamlandı
S10503,2026-04-05,M0093,Bursa,Kitap,Çocuk Kitabı,1,149,149,Kredi Kartı,Tamamlandı
S10503,2026-04-05,M0093,Bursa,Ev Yaşam,Kahve Makinesi,1,2199,2199,Kredi Kartı,Tamamlandı
S10504,2026-04-05,M0207,Adana,Kozmetik,Şampuan,1,159,159,Kredi Kartı,Tamamlandı
S10505,2026-04-05,M0094,İstanbul,Ev Yaşam,Nevresim Takımı,2,1149,2298,Kredi Kartı,Tamamlandı
S10506,2026-04-05,M0164,Ankara,Kitap,Kişisel Gelişim Kitabı,2,229,458,Kredi Kartı,Tamamlandı
S10506,2026-04-05,M0164,Ankara,Spor,Yoga Matı,2,399,798,Kredi Kartı,Tamamlandı
S10507,2026-04-05,M0317,Bursa,Elektronik,Oyuncu Kulaklığı,4,1899,0,Kapıda Ödeme,İade
S10508,2026-04-05,M0784,İstanbul,Ev Yaşam,Kahve Makinesi,3,2199,6597,Kredi Kartı,Tamamlandı
S10508,2026-04-05,M0784,İstanbul,Ev Yaşam,Termos,1,449,449,Kredi Kartı,Tamamlandı
S10509,2026-04-06,M0615,İstanbul,Kozmetik,Güneş Kremi,1,459,459,Havale/EFT,Tamamlandı
S10510,2026-04-06,M0057,İzmir,Kozmetik,Güneş Kremi,1,459,459,Kredi Kartı,Tamamlandı
S10510,2026-04-06,M0057,İzmir,Elektronik,Akıllı Saat,1,3499,3499,Kredi Kartı,Tamamlandı
S10511,2026-04-06,M0626,Bursa,Ev Yaşam,Tencere Seti,2,3299,6598,Banka Kartı,Tamamlandı
S10512,2026-04-06,M0037,İstanbul,Giyim,Kot Pantolon,1,899,899,Kredi Kartı,Tamamlandı
S10513,2026-04-06,M0300,Ankara,Giyim,Tişört,1,349,349,Kredi Kartı,Tamamlandı
S10513,2026-04-06,M0300,Ankara,Elektronik,Bluetooth Hoparlör,4,1799,7196,Kredi Kartı,Tamamlandı
S10514,2026-04-07,M0620,Konya,Kozmetik,Nemlendirici Krem,1,399,399,Kapıda Ödeme,Tamamlandı
S10515,2026-04-07,M0363,Konya,Kozmetik,Nemlendirici Krem,2,399,798,Banka Kartı,Tamamlandı
S10516,2026-04-07,M0239,Bursa,Elektronik,Oyuncu Mouse,1,899,899,Kapıda Ödeme,Tamamlandı
S10517,2026-04-07,M0819,İzmir,Giyim,Kazak,1,749,749,Kredi Kartı,Tamamlandı
S10518,2026-04-07,M0707,İstanbul,Ev Yaşam,Nevresim Takımı,1,1149,1149,Havale/EFT,Tamamlandı
S10519,2026-04-07,M0350,Ankara,Spor,Yoga Matı,2,399,798,Banka Kartı,Tamamlandı
S10519,2026-04-07,M0350,Ankara,Ev Yaşam,Termos,1,449,449,Banka Kartı,Tamamlandı
S10519,2026-04-07,M0350,Ankara,Elektronik,Bluetooth Hoparlör,2,1799,3598,Banka Kartı,Tamamlandı
S10520,2026-04-07,M0474,Antalya,Spor,Yoga Matı,2,399,798,Kredi Kartı,Tamamlandı
S10520,2026-04-07,M0474,Antalya,Ev Yaşam,Nevresim Takımı,2,1149,2298,Kredi Kartı,Tamamlandı
S10521,2026-04-07,M0815,Ankara,Elektronik,Oyuncu Kulaklığı,2,1899,3798,Kapıda Ödeme,Tamamlandı
S10522,2026-04-08,M0585,İzmir,Kozmetik,Nemlendirici Krem,2,399,798,Kredi Kartı,Tamamlandı
S10523,2026-04-08,M0279,Ankara,Ev Yaşam,Tencere Seti,1,3299,3299,Kredi Kartı,Tamamlandı
S10524,2026-04-08,M0115,Ankara,Elektronik,Bluetooth Hoparlör,2,1799,3598,Kredi Kartı,Tamamlandı
S10525,2026-04-08,M0158,İstanbul,Ev Yaşam,Masa Lambası,1,649,649,Kapıda Ödeme,Tamamlandı
S10525,2026-04-08,M0158,İstanbul,Spor,Koşu Bandı,2,18999,37998,Kapıda Ödeme,Tamamlandı
S10526,2026-04-08,M0742,İstanbul,Elektronik,Akıllı Saat,1,3499,3499,Kredi Kartı,Tamamlandı
S10526,2026-04-08,M0742,İstanbul,Kitap,Roman,3,189,567,Kredi Kartı,Tamamlandı
S10527,2026-04-08,M0785,Bursa,Giyim,Kazak,1,749,749,Kredi Kartı,Tamamlandı
S10528,2026-04-08,M0284,İzmir,Giyim,Kot Pantolon,1,899,899,Havale/EFT,Tamamlandı
S10528,2026-04-08,M0284,İzmir,Ev Yaşam,Kahve Makinesi,1,2199,2199,Havale/EFT,Tamamlandı
S10529,2026-04-09,M0824,İstanbul,Kozmetik,Nemlendirici Krem,1,399,399,Kredi Kartı,Tamamlandı
S10530,2026-04-09,M0483,Adana,Elektronik,Akıllı Saat,2,3499,6998,Kredi Kartı,Tamamlandı
S10531,2026-04-09,M0645,Antalya,Giyim,Kazak,2,749,1498,Banka Kartı,Tamamlandı
S10531,2026-04-09,M0645,Antalya,Ev Yaşam,Tencere Seti,2,3299,6598,Banka Kartı,Tamamlandı
S10532,2026-04-09,M0135,İstanbul,Elektronik,Akıllı Saat,2,3499,6998,Havale/EFT,Tamamlandı
S10532,2026-04-09,M0135,İstanbul,Ev Yaşam,Tencere Seti,1,3299,3299,Havale/EFT,Tamamlandı
S10533,2026-04-09,M0265,Konya,Kozmetik,Güneş Kremi,3,459,1377,Kredi Kartı,Tamamlandı
S10533,2026-04-09,M0265,Konya,Elektronik,Bluetooth Hoparlör,1,1799,1799,Kredi Kartı,Tamamlandı
S10534,2026-04-10,M0175,İstanbul,Ev Yaşam,Termos,2,449,898,Kredi Kartı,Tamamlandı
S10535,2026-04-10,M0570,İzmir,Giyim,Tişört,2,349,698,Havale/EFT,Tamamlandı
S10536,2026-04-10,M0494,Ankara,Ev Yaşam,Masa Lambası,1,649,649,Kredi Kartı,Tamamlandı
S10536,2026-04-10,M0494,Ankara,Ev Yaşam,Nevresim Takımı,2,1149,2298,Kredi Kartı,Tamamlandı
S10537,2026-04-10,M0729,İzmir,Ev Yaşam,Termos,2,449,898,Kredi Kartı,Tamamlandı
S10538,2026-04-10,M0416,İstanbul,Kozmetik,Nemlendirici Krem,1,399,399,Kredi Kartı,Tamamlandı
S10538,2026-04-10,M0416,İstanbul,Elektronik,Tablet,3,8999,26997,Kredi Kartı,Tamamlandı
S10539,2026-04-10,M0652,Antalya,Ev Yaşam,Nevresim Takımı,1,1149,1149,Havale/EFT,Tamamlandı
S10539,2026-04-10,M0652,Antalya,Elektronik,Oyuncu Kulaklığı,1,1899,1899,Havale/EFT,Tamamlandı
S10540,2026-04-10,M0696,İstanbul,Kitap,Kişisel Gelişim Kitabı,1,229,0,Kapıda Ödeme,İade
S10541,2026-04-10,M0523,Ankara,Giyim,Tişört,1,349,349,Kredi Kartı,Tamamlandı
S10542,2026-04-10,M0841,Trabzon,Elektronik,Bluetooth Hoparlör,1,1799,1799,Kredi Kartı,Tamamlandı
S10543,2026-04-11,M0446,İzmir,Elektronik,Akıllı Saat,3,3499,10497,Banka Kartı,Tamamlandı
S10544,2026-04-11,M0158,İstanbul,Elektronik,Oyuncu Mouse,1,899,899,Havale/EFT,Tamamlandı
S10545,2026-04-11,M0674,Ankara,Kozmetik,Nemlendirici Krem,1,399,399,Kapıda Ödeme,Tamamlandı
S10546,2026-04-11,M0619,Konya,Giyim,Kazak,1,749,749,Banka Kartı,Tamamlandı
S10547,2026-04-11,M0435,İzmir,Giyim,Tişört,1,349,349,Banka Kartı,Tamamlandı
S10547,2026-04-11,M0435,İzmir,Giyim,Kazak,1,749,749,Banka Kartı,Tamamlandı
S10548,2026-04-11,M0116,İzmir,Kozmetik,Şampuan,2,159,318,Kapıda Ödeme,Tamamlandı
S10549,2026-04-11,M0287,Ankara,Elektronik,Bluetooth Hoparlör,2,1799,3598,Kredi Kartı,Tamamlandı
S10549,2026-04-11,M0287,Ankara,Elektronik,Oyuncu Mouse,2,899,1798,Kredi Kartı,Tamamlandı
S10550,2026-04-12,M0055,Adana,Ev Yaşam,Tencere Seti,1,3299,3299,Kredi Kartı,Tamamlandı
S10551,2026-04-12,M0362,Konya,Elektronik,Oyuncu Kulaklığı,2,1899,3798,Havale/EFT,Tamamlandı
S10552,2026-04-12,M0578,İstanbul,Ev Yaşam,Masa Lambası,1,649,649,Banka Kartı,Tamamlandı
S10553,2026-04-12,M0028,İstanbul,Spor,Yoga Matı,1,399,399,Kredi Kartı,Tamamlandı
S10554,2026-04-12,M0879,İstanbul,Kitap,Çocuk Kitabı,2,149,298,Banka Kartı,Tamamlandı
S10554,2026-04-12,M0879,İstanbul,Elektronik,Tablet,1,8999,8999,Banka Kartı,Tamamlandı
S10555,2026-04-12,M0541,Adana,Elektronik,Oyuncu Kulaklığı,1,1899,1899,Kredi Kartı,Tamamlandı
S10556,2026-04-13,M0244,Bursa,Ev Yaşam,Tencere Seti,1,3299,3299,Banka Kartı,Tamamlandı
S10557,2026-04-13,M0840,İstanbul,Giyim,Spor Ayakkabı,2,1899,3798,Kredi Kartı,Tamamlandı
S10558,2026-04-13,M0389,Bursa,Ev Yaşam,Termos,1,449,449,Kredi Kartı,Tamamlandı
S10559,2026-04-13,M0392,Bursa,Elektronik,Oyuncu Kulaklığı,2,1899,3798,Kapıda Ödeme,Tamamlandı
S10559,2026-04-13,M0392,Bursa,Giyim,Kazak,2,749,1498,Kapıda Ödeme,Tamamlandı
S10560,2026-04-13,M0274,Antalya,Ev Yaşam,Masa Lambası,1,649,649,Kredi Kartı,Tamamlandı
S10561,2026-04-13,M0789,İstanbul,Elektronik,Bluetooth Hoparlör,2,1799,3598,Kredi Kartı,Tamamlandı
S10561,2026-04-13,M0789,İstanbul,Elektronik,Kablosuz Kulaklık,1,1299,1299,Kredi Kartı,Tamamlandı
S10562,2026-04-13,M0225,Bursa,Kozmetik,Parfüm,1,1599,1599,Kredi Kartı,Tamamlandı
S10563,2026-04-13,M0223,Konya,Elektronik,Tablet,1,8999,8999,Banka Kartı,Tamamlandı
S10563,2026-04-13,M0223,Konya,Kitap,Kişisel Gelişim Kitabı,4,229,916,Banka Kartı,Tamamlandı
S10564,2026-04-14,M0713,İstanbul,Elektronik,Bluetooth Hoparlör,4,1799,7196,Kredi Kartı,Tamamlandı
S10564,2026-04-14,M0713,İstanbul,Kozmetik,Şampuan,2,159,318,Kredi Kartı,Tamamlandı
S10565,2026-04-14,M0800,İstanbul,Giyim,Kot Pantolon,3,899,2697,Havale/EFT,Tamamlandı
S10566,2026-04-14,M0452,İstanbul,Giyim,Spor Ayakkabı,1,1899,1899,Kapıda Ödeme,Tamamlandı
S10567,2026-04-14,M0442,İstanbul,Kozmetik,Parfüm,1,1599,1599,Banka Kartı,Tamamlandı
S10567,2026-04-14,M0442,İstanbul,Giyim,Tişört,3,349,1047,Banka Kartı,Tamamlandı
S10567,2026-04-14,M0442,İstanbul,Kozmetik,Güneş Kremi,2,459,918,Banka Kartı,Tamamlandı
S10568,2026-04-14,M0717,İstanbul,Kozmetik,Güneş Kremi,1,459,459,Kredi Kartı,Tamamlandı
S10569,2026-04-14,M0746,Antalya,Elektronik,Oyuncu Kulaklığı,2,1899,3798,Havale/EFT,Tamamlandı
S10570,2026-04-15,M0368,Ankara,Kitap,Kişisel Gelişim Kitabı,1,229,229,Kredi Kartı,Tamamlandı
S10571,2026-04-15,M0349,İstanbul,Kozmetik,Parfüm,1,1599,1599,Kredi Kartı,Tamamlandı
S10571,2026-04-15,M0349,İstanbul,Elektronik,Oyuncu Mouse,3,899,2697,Kredi Kartı,Tamamlandı
S10572,2026-04-16,M0368,Ankara,Elektronik,Kablosuz Kulaklık,1,1299,1299,Havale/EFT,Tamamlandı
S10573,2026-04-16,M0245,Ankara,Giyim,Tişört,2,349,698,Kredi Kartı,Tamamlandı
S10574,2026-04-16,M0017,İstanbul,Elektronik,Kablosuz Kulaklık,2,1299,2598,Kredi Kartı,Tamamlandı
S10574,2026-04-16,M0017,İstanbul,Ev Yaşam,Masa Lambası,3,649,1947,Kredi Kartı,Tamamlandı
S10575,2026-04-16,M0594,İstanbul,Ev Yaşam,Kahve Makinesi,3,2199,6597,Kredi Kartı,Tamamlandı
S10575,2026-04-16,M0594,İstanbul,Giyim,Spor Ayakkabı,1,1899,1899,Kredi Kartı,Tamamlandı
S10576,2026-04-17,M0100,Ankara,Spor,Yoga Matı,1,399,399,Kredi Kartı,Tamamlandı
S10577,2026-04-17,M0226,İstanbul,Spor,Dambıl Seti,1,1249,1249,Kredi Kartı,Tamamlandı
S10578,2026-04-17,M0701,İzmir,Spor,Dambıl Seti,1,1249,1249,Kredi Kartı,Tamamlandı
S10578,2026-04-17,M0701,İzmir,Elektronik,Kablosuz Kulaklık,1,1299,1299,Kredi Kartı,Tamamlandı
S10579,2026-04-17,M0567,İstanbul,Elektronik,Tablet,2,8999,17998,Kredi Kartı,Tamamlandı
S10580,2026-04-17,M0162,İstanbul,Elektronik,Kablosuz Kulaklık,2,1299,2598,Kredi Kartı,Tamamlandı
S10581,2026-04-17,M0427,Bursa,Elektronik,Mekanik Klavye,1,2499,2499,Havale/EFT,Tamamlandı
S10582,2026-04-17,M0245,Konya,Elektronik,Bluetooth Hoparlör,3,1799,5397,Banka Kartı,Tamamlandı
S10583,2026-04-17,M0802,İstanbul,Elektronik,Oyuncu Kulaklığı,4,1899,7596,Kredi Kartı,Tamamlandı
S10584,2026-04-18,M0884,Antalya,Kozmetik,Şampuan,1,159,159,Kredi Kartı,Tamamlandı
S10585,2026-04-18,M0816,İstanbul,Ev Yaşam,Kahve Makinesi,3,2199,6597,Havale/EFT,Tamamlandı
S10585,2026-04-18,M0816,İstanbul,Giyim,Mont,1,2299,2299,Havale/EFT,Tamamlandı
S10585,2026-04-18,M0816,İstanbul,Kitap,Kişisel Gelişim Kitabı,1,229,229,Havale/EFT,Tamamlandı
S10586,2026-04-18,M0551,İstanbul,Elektronik,Oyuncu Kulaklığı,2,1899,3798,Havale/EFT,Tamamlandı
S10587,2026-04-18,M0334,Ankara,Giyim,Kot Pantolon,1,899,899,Banka Kartı,Tamamlandı
S10587,2026-04-18,M0334,Ankara,Giyim,Kot Pantolon,3,899,2697,Banka Kartı,Tamamlandı
S10588,2026-04-18,M0600,Ankara,Kitap,Kişisel Gelişim Kitabı,1,229,229,Havale/EFT,Tamamlandı
S10589,2026-04-18,M0738,İstanbul,Giyim,Kot Pantolon,1,899,899,Kredi Kartı,Tamamlandı
S10590,2026-04-19,M0429,İstanbul,Ev Yaşam,Masa Lambası,2,649,1298,Kredi Kartı,Tamamlandı
S10590,2026-04-19,M0429,İstanbul,Elektronik,Oyuncu Kulaklığı,2,1899,3798,Kredi Kartı,Tamamlandı
S10591,2026-04-19,M0878,İzmir,Ev Yaşam,Termos,1,449,449,Havale/EFT,Tamamlandı
S10592,2026-04-19,M0894,İstanbul,Kitap,Kişisel Gelişim Kitabı,1,229,229,Kredi Kartı,Tamamlandı
S10593,2026-04-19,M0006,Ankara,Kozmetik,Şampuan,1,159,159,Kredi Kartı,Tamamlandı
S10593,2026-04-19,M0006,Ankara,Spor,Dambıl Seti,1,1249,1249,Kredi Kartı,Tamamlandı
S10593,2026-04-19,M0006,Ankara,Elektronik,Tablet,2,8999,17998,Kredi Kartı,Tamamlandı
S10594,2026-04-19,M0224,İstanbul,Elektronik,Bluetooth Hoparlör,1,1799,1799,Kredi Kartı,Tamamlandı
S10594,2026-04-19,M0224,İstanbul,Spor,Dambıl Seti,1,1249,1249,Kredi Kartı,Tamamlandı
S10595,2026-04-19,M0791,İstanbul,Kitap,Kişisel Gelişim Kitabı,2,229,0,Banka Kartı,İade
S10596,2026-04-19,M0643,İstanbul,Elektronik,Akıllı Saat,1,3499,3499,Havale/EFT,Tamamlandı
S10597,2026-04-19,M0556,İzmir,Kozmetik,Nemlendirici Krem,3,399,1197,Kredi Kartı,Tamamlandı
S10597,2026-04-19,M0556,İzmir,Kitap,Kişisel Gelişim Kitabı,1,229,229,Kredi Kartı,Tamamlandı
S10598,2026-04-19,M0477,İzmir,Ev Yaşam,Kahve Makinesi,2,2199,4398,Kredi Kartı,Tamamlandı
S10599,2026-04-20,M0343,İstanbul,Kitap,Kişisel Gelişim Kitabı,3,229,687,Kredi Kartı,Tamamlandı
S10600,2026-04-20,M0763,Antalya,Ev Yaşam,Termos,1,449,449,Kredi Kartı,Tamamlandı
S10600,2026-04-20,M0763,Antalya,Ev Yaşam,Termos,2,449,898,Kredi Kartı,Tamamlandı
S10601,2026-04-20,M0545,Bursa,Kozmetik,Güneş Kremi,3,459,1377,Kredi Kartı,Tamamlandı
S10602,2026-04-20,M0068,İstanbul,Giyim,Kot Pantolon,3,899,2697,Havale/EFT,Tamamlandı
S10603,2026-04-20,M0169,İstanbul,Kitap,Kişisel Gelişim Kitabı,2,229,458,Banka Kartı,Tamamlandı
S10604,2026-04-20,M0699,İzmir,Ev Yaşam,Masa Lambası,1,649,649,Kredi Kartı,Tamamlandı
S10605,2026-04-20,M0893,Antalya,Giyim,Tişört,2,349,698,Havale/EFT,Tamamlandı
S10606,2026-04-21,M0543,Antalya,Elektronik,Tablet,1,8999,8999,Kredi Kartı,Tamamlandı
S10607,2026-04-21,M0496,Ankara,Elektronik,Mekanik Klavye,3,2499,7497,Kredi Kartı,Tamamlandı
S10607,2026-04-21,M0496,Ankara,Elektronik,Bluetooth Hoparlör,1,1799,1799,Kredi Kartı,Tamamlandı
S10608,2026-04-21,M0726,Bursa,Giyim,Kot Pantolon,1,899,899,Banka Kartı,Tamamlandı
S10609,2026-04-21,M0267,Ankara,Kozmetik,Güneş Kremi,1,459,459,Kredi Kartı,Tamamlandı
S10609,2026-04-21,M0267,Ankara,Kitap,Kişisel Gelişim Kitabı,1,229,0,Kredi Kartı,İade
S10610,2026-04-22,M0512,Antalya,Elektronik,Oyuncu Kulaklığı,1,1899,1899,Kapıda Ödeme,Tamamlandı
S10610,2026-04-22,M0512,Antalya,Kozmetik,Nemlendirici Krem,3,399,1197,Kapıda Ödeme,Tamamlandı
S10610,2026-04-22,M0512,Antalya,Kozmetik,Güneş Kremi,2,459,918,Kapıda Ödeme,Tamamlandı
S10611,2026-04-22,M0747,Adana,Kozmetik,Güneş Kremi,1,459,459,Kredi Kartı,Tamamlandı
S10611,2026-04-22,M0747,Adana,Giyim,Tişört,2,349,698,Kredi Kartı,Tamamlandı
S10612,2026-04-22,M0095,İstanbul,Ev Yaşam,Masa Lambası,2,649,1298,Banka Kartı,Tamamlandı
S10613,2026-04-22,M0086,İzmir,Elektronik,Bluetooth Hoparlör,1,1799,1799,Kredi Kartı,Tamamlandı
S10613,2026-04-22,M0086,İzmir,Ev Yaşam,Tencere Seti,3,3299,9897,Kredi Kartı,Tamamlandı
S10614,2026-04-22,M0152,Bursa,Elektronik,Akıllı Saat,1,3499,3499,Kredi Kartı,Tamamlandı
S10615,2026-04-22,M0575,İstanbul,Kitap,Çocuk Kitabı,1,149,149,Banka Kartı,Tamamlandı
S10616,2026-04-23,M0425,İstanbul,Elektronik,Bluetooth Hoparlör,2,1799,3598,Banka Kartı,Tamamlandı
S10617,2026-04-23,M0068,Konya,Elektronik,Oyuncu Mouse,1,899,899,Banka Kartı,Tamamlandı
S10618,2026-04-23,M0474,Bursa,Elektronik,Akıllı Saat,1,3499,3499,Havale/EFT,Tamamlandı
S10619,2026-04-23,M0847,İstanbul,Kozmetik,Parfüm,2,1599,3198,Banka Kartı,Tamamlandı
S10620,2026-04-23,M0308,Konya,Kozmetik,Güneş Kremi,1,459,459,Havale/EFT,Tamamlandı
S10621,2026-04-23,M0705,İzmir,Ev Yaşam,Tencere Seti,1,3299,3299,Kredi Kartı,Tamamlandı
S10621,2026-04-23,M0705,İzmir,Ev Yaşam,Termos,1,449,449,Kredi Kartı,Tamamlandı
S10622,2026-04-23,M0711,Antalya,Elektronik,Mekanik Klavye,1,2499,2499,Kredi Kartı,Tamamlandı
S10622,2026-04-23,M0711,Antalya,Ev Yaşam,Masa Lambası,1,649,649,Kredi Kartı,Tamamlandı
S10623,2026-04-24,M0370,Ankara,Giyim,Tişört,3,349,1047,Kapıda Ödeme,Tamamlandı
S10624,2026-04-24,M0785,İzmir,Elektronik,Akıllı Saat,1,3499,3499,Havale/EFT,Tamamlandı
S10625,2026-04-24,M0820,İstanbul,Elektronik,Oyuncu Mouse,2,899,0,Banka Kartı,İade
S10625,2026-04-24,M0820,İstanbul,Ev Yaşam,Nevresim Takımı,1,1149,1149,Banka Kartı,Tamamlandı
S10626,2026-04-24,M0167,İstanbul,Elektronik,Oyuncu Kulaklığı,1,1899,1899,Kredi Kartı,Tamamlandı
S10627,2026-04-24,M0539,Adana,Spor,Yoga Matı,3,399,1197,Banka Kartı,Tamamlandı
S10627,2026-04-24,M0539,Adana,Elektronik,Kablosuz Kulaklık,1,1299,1299,Banka Kartı,Tamamlandı
S10628,2026-04-25,M0612,İzmir,Giyim,Spor Ayakkabı,1,1899,1899,Kapıda Ödeme,Tamamlandı
S10629,2026-04-25,M0711,İstanbul,Elektronik,Kablosuz Kulaklık,2,1299,2598,Kredi Kartı,Tamamlandı
S10630,2026-04-25,M0080,İstanbul,Elektronik,Kablosuz Kulaklık,2,1299,2598,Kredi Kartı,Tamamlandı
S10631,2026-04-25,M0481,İstanbul,Kozmetik,Güneş Kremi,2,459,918,Kredi Kartı,Tamamlandı
S10632,2026-04-25,M0211,İzmir,Elektronik,Mekanik Klavye,2,2499,4998,Kredi Kartı,Tamamlandı
S10632,2026-04-25,M0211,İzmir,Ev Yaşam,Nevresim Takımı,2,1149,2298,Kredi Kartı,Tamamlandı
S10633,2026-04-25,M0628,İstanbul,Ev Yaşam,Kahve Makinesi,1,2199,2199,Banka Kartı,Tamamlandı
S10634,2026-04-25,M0289,İstanbul,Kozmetik,Güneş Kremi,3,459,1377,Havale/EFT,Tamamlandı
S10635,2026-04-25,M0487,Ankara,Kitap,Roman,1,189,189,Banka Kartı,Tamamlandı
S10636,2026-04-25,M0220,İzmir,Giyim,Tişört,1,349,349,Kredi Kartı,Tamamlandı
S10636,2026-04-25,M0220,İzmir,Giyim,Mont,2,2299,4598,Kredi Kartı,Tamamlandı
S10637,2026-04-26,M0506,İstanbul,Giyim,Kazak,1,749,749,Kredi Kartı,Tamamlandı
S10637,2026-04-26,M0506,İstanbul,Giyim,Kazak,1,749,749,Kredi Kartı,Tamamlandı
S10638,2026-04-26,M0862,Antalya,Elektronik,Oyuncu Mouse,2,899,1798,Kapıda Ödeme,Tamamlandı
S10639,2026-04-26,M0536,Bursa,Giyim,Tişört,1,349,349,Kredi Kartı,Tamamlandı
S10640,2026-04-26,M0173,İstanbul,Ev Yaşam,Tencere Seti,1,3299,3299,Kapıda Ödeme,Tamamlandı
S10641,2026-04-26,M0743,Ankara,Ev Yaşam,Masa Lambası,2,649,1298,Havale/EFT,Tamamlandı
S10641,2026-04-26,M0743,Ankara,Giyim,Spor Ayakkabı,3,1899,5697,Havale/EFT,Tamamlandı
S10642,2026-04-26,M0524,İstanbul,Giyim,Tişört,2,349,698,Havale/EFT,Tamamlandı
S10643,2026-04-26,M0102,Bursa,Elektronik,Mekanik Klavye,1,2499,2499,Havale/EFT,Tamamlandı
S10644,2026-04-26,M0311,İzmir,Kozmetik,Güneş Kremi,2,459,918,Kredi Kartı,Tamamlandı
S10645,2026-04-26,M0678,Ankara,Spor,Dambıl Seti,1,1249,1249,Kredi Kartı,Tamamlandı
S10646,2026-04-27,M0122,Ankara,Ev Yaşam,Kahve Makinesi,1,2199,2199,Kredi Kartı,Tamamlandı
S10647,2026-04-27,M0311,Adana,Giyim,Mont,2,2299,4598,Kredi Kartı,Tamamlandı
S10648,2026-04-27,M0503,Bursa,Ev Yaşam,Tencere Seti,1,3299,3299,Banka Kartı,Tamamlandı
S10649,2026-04-27,M0507,İzmir,Kozmetik,Nemlendirici Krem,1,399,399,Kredi Kartı,Tamamlandı
S10649,2026-04-27,M0507,İzmir,Elektronik,Akıllı Saat,2,3499,6998,Kredi Kartı,Tamamlandı
S10650,2026-04-27,M0784,Adana,Giyim,Mont,1,2299,2299,Kredi Kartı,Tamamlandı
S10651,2026-04-27,M0254,İstanbul,Kozmetik,Güneş Kremi,1,459,459,Kredi Kartı,Tamamlandı
S10652,2026-04-27,M0552,İstanbul,Ev Yaşam,Tencere Seti,1,3299,3299,Kredi Kartı,Tamamlandı
S10652,2026-04-27,M0552,İstanbul,Ev Yaşam,Tencere Seti,1,3299,3299,Kredi Kartı,Tamamlandı
S10653,2026-04-27,M0587,İstanbul,Elektronik,Bluetooth Hoparlör,2,1799,3598,Kredi Kartı,Tamamlandı
S10653,2026-04-27,M0587,İstanbul,Elektronik,Akıllı Saat,4,3499,13996,Kredi Kartı,Tamamlandı
S10654,2026-04-27,M0651,Adana,Ev Yaşam,Nevresim Takımı,1,1149,1149,Havale/EFT,Tamamlandı
S10654,2026-04-27,M0651,Adana,Giyim,Mont,2,2299,4598,Havale/EFT,Tamamlandı
S10655,2026-04-28,M0865,İzmir,Ev Yaşam,Termos,1,449,449,Banka Kartı,Tamamlandı
S10656,2026-04-28,M0079,İzmir,Giyim,Tişört,1,349,349,Kredi Kartı,Tamamlandı
S10656,2026-04-28,M0079,İzmir,Kozmetik,Nemlendirici Krem,2,399,798,Kredi Kartı,Tamamlandı
S10657,2026-04-28,M0020,İzmir,Ev Yaşam,Masa Lambası,2,649,1298,Kredi Kartı,Tamamlandı
S10658,2026-04-28,M0275,Konya,Kozmetik,Nemlendirici Krem,1,399,399,Kredi Kartı,Tamamlandı
S10658,2026-04-28,M0275,Konya,Ev Yaşam,Nevresim Takımı,1,1149,1149,Kredi Kartı,Tamamlandı
S10659,2026-04-28,M0702,Antalya,Spor,Dambıl Seti,2,1249,2498,Havale/EFT,Tamamlandı
S10660,2026-04-28,M0274,Antalya,Ev Yaşam,Termos,1,449,449,Banka Kartı,Tamamlandı
S10661,2026-04-29,M0476,Ankara,Kitap,Roman,1,189,189,Kapıda Ödeme,Tamamlandı
S10662,2026-04-29,M0809,Antalya,Spor,Koşu Bandı,1,18999,0,Banka Kartı,İade
S10663,2026-04-29,M0881,Adana,Elektronik,Oyuncu Kulaklığı,3,1899,5697,Kredi Kartı,Tamamlandı
S10664,2026-04-29,M0093,Ankara,Giyim,Tişört,1,349,349,Havale/EFT,Tamamlandı
S10664,2026-04-29,M0093,Ankara,Kozmetik,Şampuan,2,159,318,Havale/EFT,Tamamlandı
S10665,2026-04-29,M0509,Adana,Spor,Yoga Matı,1,399,399,Kredi Kartı,Tamamlandı
S10666,2026-04-29,M0767,Bursa,Elektronik,Mekanik Klavye,1,2499,2499,Kapıda Ödeme,Tamamlandı
S10667,2026-04-30,M0884,İzmir,Kitap,Roman,1,189,189,Kredi Kartı,Tamamlandı
S10668,2026-04-30,M0285,Adana,Kozmetik,Güneş Kremi,1,459,459,Kapıda Ödeme,Tamamlandı
S10669,2026-04-30,M0621,İstanbul,Elektronik,Oyuncu Kulaklığı,2,1899,3798,Banka Kartı,Tamamlandı
S10669,2026-04-30,M0621,İstanbul,Giyim,Spor Ayakkabı,2,1899,3798,Banka Kartı,Tamamlandı
S10670,2026-04-30,M0702,İstanbul,Giyim,Kazak,1,749,749,Havale/EFT,Tamamlandı
S10670,2026-04-30,M0702,İstanbul,Giyim,Kot Pantolon,2,899,1798,Havale/EFT,Tamamlandı
S10671,2026-04-30,M0216,Adana,Giyim,Kazak,2,749,1498,Kredi Kartı,Tamamlandı
S10672,2026-04-30,M0281,Adana,Ev Yaşam,Termos,2,449,898,Havale/EFT,Tamamlandı
S10672,2026-04-30,M0281,Adana,Kitap,Çocuk Kitabı,2,149,298,Havale/EFT,Tamamlandı
S10672,2026-04-30,M0281,Adana,Ev Yaşam,Nevresim Takımı,1,1149,1149,Havale/EFT,Tamamlandı
S10673,2026-04-30,M0756,İstanbul,Kozmetik,Parfüm,1,1599,1599,Banka Kartı,Tamamlandı
S10673,2026-04-30,M0756,İstanbul,Elektronik,Mekanik Klavye,1,2499,2499,Banka Kartı,Tamamlandı
S10674,2026-04-30,M0114,İstanbul,Spor,Dambıl Seti,2,1249,2498,Kredi Kartı,Tamamlandı
S10674,2026-04-30,M0114,İstanbul,Spor,Yoga Matı,1,399,399,Kredi Kartı,Tamamlandı
S10674,2026-04-30,M0114,İstanbul,Giyim,Spor Ayakkabı,2,1899,3798,Kredi Kartı,Tamamlandı
S10675,2026-04-30,M0204,İstanbul,Giyim,Kazak,1,749,0,Kredi Kartı,İade
S10676,2026-05-01,M0627,İzmir,Elektronik,Oyuncu Mouse,1,899,899,Kapıda Ödeme,Tamamlandı
S10676,2026-05-01,M0627,İzmir,Giyim,Mont,1,2299,2299,Kapıda Ödeme,Tamamlandı
S10676,2026-05-01,M0627,İzmir,Kitap,Roman,2,189,378,Kapıda Ödeme,Tamamlandı
S10677,2026-05-01,M0465,Antalya,Elektronik,Oyuncu Kulaklığı,2,1899,3798,Kredi Kartı,Tamamlandı
S10678,2026-05-01,M0765,Ankara,Ev Yaşam,Tencere Seti,1,3299,3299,Kredi Kartı,Tamamlandı
S10678,2026-05-01,M0765,Ankara,Giyim,Tişört,1,349,349,Kredi Kartı,Tamamlandı
S10679,2026-05-01,M0269,İstanbul,Ev Yaşam,Masa Lambası,1,649,649,Kredi Kartı,Tamamlandı
S10680,2026-05-01,M0893,İstanbul,Kozmetik,Şampuan,2,159,318,Banka Kartı,Tamamlandı
S10680,2026-05-01,M0893,İstanbul,Elektronik,Kablosuz Kulaklık,1,1299,1299,Banka Kartı,Tamamlandı
S10681,2026-05-01,M0363,Trabzon,Ev Yaşam,Masa Lambası,1,649,649,Kapıda Ödeme,Tamamlandı
S10681,2026-05-01,M0363,Trabzon,Kozmetik,Nemlendirici Krem,1,399,399,Kapıda Ödeme,Tamamlandı
S10681,2026-05-01,M0363,Trabzon,Kitap,Kişisel Gelişim Kitabı,1,229,229,Kapıda Ödeme,Tamamlandı
S10682,2026-05-01,M0516,Ankara,Elektronik,Oyuncu Mouse,1,899,899,Kredi Kartı,Tamamlandı
S10683,2026-05-01,M0321,İstanbul,Spor,Dambıl Seti,3,1249,3747,Kredi Kartı,Tamamlandı
S10683,2026-05-01,M0321,İstanbul,Kitap,Kişisel Gelişim Kitabı,2,229,458,Kredi Kartı,Tamamlandı
S10684,2026-05-02,M0321,Ankara,Ev Yaşam,Tencere Seti,1,3299,3299,Kredi Kartı,Tamamlandı
S10684,2026-05-02,M0321,Ankara,Kozmetik,Nemlendirici Krem,1,399,399,Kredi Kartı,Tamamlandı
S10685,2026-05-02,M0188,İstanbul,Ev Yaşam,Tencere Seti,3,3299,9897,Kredi Kartı,Tamamlandı
S10685,2026-05-02,M0188,İstanbul,Giyim,Spor Ayakkabı,1,1899,1899,Kredi Kartı,Tamamlandı
S10686,2026-05-02,M0867,Bursa,Elektronik,Mekanik Klavye,2,2499,4998,Kredi Kartı,Tamamlandı
S10687,2026-05-02,M0843,İstanbul,Ev Yaşam,Tencere Seti,1,3299,3299,Havale/EFT,Tamamlandı
S10688,2026-05-02,M0427,Konya,Elektronik,Akıllı Saat,1,3499,3499,Kredi Kartı,Tamamlandı
S10689,2026-05-02,M0125,Ankara,Spor,Yoga Matı,1,399,399,Banka Kartı,Tamamlandı
S10689,2026-05-02,M0125,Ankara,Kozmetik,Nemlendirici Krem,3,399,1197,Banka Kartı,Tamamlandı
S10689,2026-05-02,M0125,Ankara,Elektronik,Oyuncu Kulaklığı,2,1899,3798,Banka Kartı,Tamamlandı
S10690,2026-05-02,M0333,Konya,Spor,Yoga Matı,2,399,798,Kapıda Ödeme,Tamamlandı
S10690,2026-05-02,M0333,Konya,Giyim,Spor Ayakkabı,2,1899,3798,Kapıda Ödeme,Tamamlandı
S10690,2026-05-02,M0333,Konya,Ev Yaşam,Kahve Makinesi,1,2199,2199,Kapıda Ödeme,Tamamlandı
S10691,2026-05-02,M0790,Adana,Elektronik,Tablet,1,8999,8999,Kredi Kartı,Tamamlandı
S10691,2026-05-02,M0790,Adana,Kozmetik,Parfüm,1,1599,1599,Kredi Kartı,Tamamlandı
S10692,2026-05-03,M0702,İzmir,Giyim,Kot Pantolon,1,899,899,Kredi Kartı,Tamamlandı
S10693,2026-05-03,M0275,İzmir,Spor,Dambıl Seti,1,1249,1249,Kredi Kartı,Tamamlandı
S10693,2026-05-03,M0275,İzmir,Elektronik,Akıllı Saat,1,3499,3499,Kredi Kartı,Tamamlandı
S10694,2026-05-03,M0703,Bursa,Kozmetik,Parfüm,1,1599,1599,Kapıda Ödeme,Tamamlandı
S10695,2026-05-03,M0821,Ankara,Kitap,Çocuk Kitabı,1,149,149,Kredi Kartı,Tamamlandı
S10696,2026-05-03,M0049,İzmir,Ev Yaşam,Termos,1,449,449,Kapıda Ödeme,Tamamlandı
S10697,2026-05-03,M0833,İstanbul,Ev Yaşam,Kahve Makinesi,2,2199,4398,Kredi Kartı,Tamamlandı
S10698,2026-05-03,M0187,Antalya,Kozmetik,Nemlendirici Krem,2,399,798,Kredi Kartı,Tamamlandı
S10699,2026-05-03,M0461,İzmir,Kitap,Roman,1,189,189,Kredi Kartı,Tamamlandı
S10699,2026-05-03,M0461,İzmir,Ev Yaşam,Tencere Seti,1,3299,3299,Kredi Kartı,Tamamlandı
S10699,2026-05-03,M0461,İzmir,Elektronik,Kablosuz Kulaklık,1,1299,1299,Kredi Kartı,Tamamlandı
S10700,2026-05-03,M0709,Ankara,Kozmetik,Nemlendirici Krem,2,399,798,Banka Kartı,Tamamlandı
S10700,2026-05-03,M0709,Ankara,Kozmetik,Güneş Kremi,2,459,918,Banka Kartı,Tamamlandı
S10701,2026-05-04,M0090,İstanbul,Elektronik,Oyuncu Kulaklığı,2,1899,3798,Kredi Kartı,Tamamlandı
S10702,2026-05-04,M0665,İstanbul,Spor,Dambıl Seti,1,1249,1249,Kredi Kartı,Tamamlandı
S10702,2026-05-04,M0665,İstanbul,Elektronik,Akıllı Saat,1,3499,3499,Kredi Kartı,Tamamlandı
S10703,2026-05-04,M0757,Bursa,Spor,Dambıl Seti,1,1249,1249,Kapıda Ödeme,Tamamlandı
S10704,2026-05-04,M0854,Ankara,Spor,Yoga Matı,1,399,399,Kredi Kartı,Tamamlandı
S10705,2026-05-04,M0593,İzmir,Ev Yaşam,Termos,1,449,449,Banka Kartı,Tamamlandı
S10706,2026-05-05,M0500,İstanbul,Ev Yaşam,Termos,1,449,449,Kredi Kartı,Tamamlandı
S10707,2026-05-05,M0485,İstanbul,Ev Yaşam,Termos,1,449,449,Banka Kartı,Tamamlandı
S10707,2026-05-05,M0485,İstanbul,Ev Yaşam,Termos,1,449,449,Banka Kartı,Tamamlandı
S10708,2026-05-05,M0702,Ankara,Kozmetik,Parfüm,1,1599,1599,Banka Kartı,Tamamlandı
S10708,2026-05-05,M0702,Ankara,Kitap,Çocuk Kitabı,2,149,298,Banka Kartı,Tamamlandı
S10709,2026-05-05,M0816,Ankara,Elektronik,Oyuncu Mouse,1,899,899,Kapıda Ödeme,Tamamlandı
S10710,2026-05-05,M0178,İstanbul,Giyim,Kazak,1,749,749,Banka Kartı,Tamamlandı
S10711,2026-05-06,M0049,Trabzon,Kozmetik,Parfüm,2,1599,3198,Kredi Kartı,Tamamlandı
S10712,2026-05-06,M0827,İstanbul,Elektronik,Mekanik Klavye,1,2499,2499,Kredi Kartı,Tamamlandı
S10712,2026-05-06,M0827,İstanbul,Giyim,Kot Pantolon,3,899,2697,Kredi Kartı,Tamamlandı
S10713,2026-05-06,M0155,Adana,Elektronik,Kablosuz Kulaklık,3,1299,3897,Havale/EFT,Tamamlandı
S10713,2026-05-06,M0155,Adana,Kitap,Çocuk Kitabı,4,149,596,Havale/EFT,Tamamlandı
S10714,2026-05-07,M0105,Antalya,Kozmetik,Güneş Kremi,3,459,1377,Kredi Kartı,Tamamlandı
S10715,2026-05-07,M0300,Bursa,Kitap,Roman,1,189,189,Havale/EFT,Tamamlandı
S10716,2026-05-07,M0126,Adana,Kozmetik,Parfüm,2,1599,3198,Kredi Kartı,Tamamlandı
S10717,2026-05-07,M0518,İstanbul,Giyim,Spor Ayakkabı,1,1899,1899,Kredi Kartı,Tamamlandı
S10717,2026-05-07,M0518,İstanbul,Ev Yaşam,Masa Lambası,1,649,649,Kredi Kartı,Tamamlandı
S10718,2026-05-08,M0420,Adana,Kozmetik,Güneş Kremi,1,459,459,Kapıda Ödeme,Tamamlandı
S10719,2026-05-08,M0735,Antalya,Giyim,Kazak,1,749,749,Kapıda Ödeme,Tamamlandı
S10720,2026-05-08,M0778,İstanbul,Ev Yaşam,Tencere Seti,4,3299,13196,Kapıda Ödeme,Tamamlandı
S10721,2026-05-08,M0897,İzmir,Kozmetik,Şampuan,1,159,159,Kredi Kartı,Tamamlandı
S10722,2026-05-09,M0287,Adana,Giyim,Spor Ayakkabı,3,1899,5697,Banka Kartı,Tamamlandı
S10723,2026-05-09,M0634,İzmir,Kozmetik,Nemlendirici Krem,1,399,399,Banka Kartı,Tamamlandı
S10723,2026-05-09,M0634,İzmir,Elektronik,Akıllı Saat,2,3499,6998,Banka Kartı,Tamamlandı
S10724,2026-05-09,M0130,İzmir,Ev Yaşam,Nevresim Takımı,1,1149,1149,Kredi Kartı,Tamamlandı
S10725,2026-05-09,M0024,İstanbul,Giyim,Spor Ayakkabı,2,1899,3798,Havale/EFT,Tamamlandı
S10726,2026-05-09,M0114,Bursa,Ev Yaşam,Kahve Makinesi,2,2199,4398,Havale/EFT,Tamamlandı
S10727,2026-05-09,M0460,İstanbul,Kitap,Çocuk Kitabı,4,149,596,Banka Kartı,Tamamlandı
S10728,2026-05-09,M0643,Bursa,Giyim,Spor Ayakkabı,2,1899,3798,Havale/EFT,Tamamlandı
S10729,2026-05-09,M0144,Bursa,Giyim,Tişört,2,349,698,Kredi Kartı,Tamamlandı
S10730,2026-05-10,M0101,İstanbul,Elektronik,Akıllı Saat,1,3499,3499,Kredi Kartı,Tamamlandı
S10731,2026-05-10,M0080,Ankara,Ev Yaşam,Nevresim Takımı,1,1149,1149,Kredi Kartı,Tamamlandı
S10732,2026-05-10,M0434,Trabzon,Kozmetik,Nemlendirici Krem,1,399,399,Banka Kartı,Tamamlandı
S10732,2026-05-10,M0434,Trabzon,Ev Yaşam,Termos,4,449,1796,Banka Kartı,Tamamlandı
S10732,2026-05-10,M0434,Trabzon,Ev Yaşam,Masa Lambası,1,649,649,Banka Kartı,Tamamlandı
S10733,2026-05-10,M0161,Konya,Ev Yaşam,Termos,1,449,449,Kredi Kartı,Tamamlandı
S10733,2026-05-10,M0161,Konya,Elektronik,Mekanik Klavye,1,2499,2499,Kredi Kartı,Tamamlandı
S10733,2026-05-10,M0161,Konya,Giyim,Tişört,2,349,698,Kredi Kartı,Tamamlandı
S10734,2026-05-10,M0604,Ankara,Giyim,Kot Pantolon,2,899,0,Kapıda Ödeme,İade
S10735,2026-05-10,M0561,Ankara,Ev Yaşam,Termos,3,449,1347,Havale/EFT,Tamamlandı
S10736,2026-05-10,M0487,Antalya,Elektronik,Oyuncu Mouse,2,899,1798,Havale/EFT,Tamamlandı
S10737,2026-05-10,M0153,Adana,Kozmetik,Nemlendirici Krem,1,399,399,Kredi Kartı,Tamamlandı
S10737,2026-05-10,M0153,Adana,Ev Yaşam,Tencere Seti,3,3299,9897,Kredi Kartı,Tamamlandı
S10738,2026-05-11,M0725,İstanbul,Giyim,Spor Ayakkabı,2,1899,3798,Banka Kartı,Tamamlandı
S10738,2026-05-11,M0725,İstanbul,Kitap,Kişisel Gelişim Kitabı,2,229,458,Banka Kartı,Tamamlandı
S10739,2026-05-11,M0535,İstanbul,Elektronik,Oyuncu Kulaklığı,1,1899,0,Kredi Kartı,İade
S10739,2026-05-11,M0535,İstanbul,Spor,Yoga Matı,2,399,798,Kredi Kartı,Tamamlandı
S10740,2026-05-11,M0455,İstanbul,Ev Yaşam,Termos,3,449,1347,Kredi Kartı,Tamamlandı
S10741,2026-05-11,M0185,Ankara,Giyim,Kot Pantolon,1,899,899,Havale/EFT,Tamamlandı
S10742,2026-05-12,M0148,İstanbul,Kitap,Çocuk Kitabı,1,149,149,Havale/EFT,Tamamlandı
S10743,2026-05-12,M0186,İstanbul,Giyim,Tişört,1,349,349,Kredi Kartı,Tamamlandı
S10744,2026-05-12,M0848,Adana,Ev Yaşam,Nevresim Takımı,1,1149,1149,Kredi Kartı,Tamamlandı
S10745,2026-05-12,M0118,İstanbul,Elektronik,Kablosuz Kulaklık,2,1299,2598,Kredi Kartı,Tamamlandı
S10746,2026-05-13,M0601,Bursa,Spor,Yoga Matı,1,399,399,Kredi Kartı,Tamamlandı
S10747,2026-05-13,M0652,Ankara,Ev Yaşam,Kahve Makinesi,1,2199,2199,Havale/EFT,Tamamlandı
S10748,2026-05-13,M0569,Ankara,Spor,Yoga Matı,4,399,0,Kredi Kartı,İade
S10749,2026-05-13,M0494,İstanbul,Kitap,Çocuk Kitabı,1,149,149,Kredi Kartı,Tamamlandı
S10749,2026-05-13,M0494,İstanbul,Giyim,Kot Pantolon,1,899,899,Kredi Kartı,Tamamlandı
S10750,2026-05-13,M0092,Ankara,Ev Yaşam,Nevresim Takımı,1,1149,1149,Kredi Kartı,Tamamlandı
S10751,2026-05-13,M0822,İstanbul,Giyim,Spor Ayakkabı,1,1899,1899,Banka Kartı,Tamamlandı
S10752,2026-05-13,M0330,Ankara,Elektronik,Oyuncu Mouse,2,899,0,Kredi Kartı,İade
S10753,2026-05-13,M0488,İstanbul,Ev Yaşam,Masa Lambası,1,649,649,Kredi Kartı,Tamamlandı
S10754,2026-05-14,M0084,Antalya,Elektronik,Tablet,2,8999,17998,Banka Kartı,Tamamlandı
S10755,2026-05-14,M0362,Trabzon,Giyim,Kazak,2,749,1498,Kredi Kartı,Tamamlandı
S10755,2026-05-14,M0362,Trabzon,Elektronik,Akıllı Saat,1,3499,0,Kredi Kartı,İade
S10756,2026-05-14,M0761,İstanbul,Giyim,Kot Pantolon,1,899,899,Kredi Kartı,Tamamlandı
S10756,2026-05-14,M0761,İstanbul,Kozmetik,Parfüm,1,1599,1599,Kredi Kartı,Tamamlandı
S10756,2026-05-14,M0761,İstanbul,Giyim,Kazak,2,749,1498,Kredi Kartı,Tamamlandı
S10757,2026-05-14,M0201,Trabzon,Giyim,Tişört,1,349,349,Banka Kartı,Tamamlandı
S10758,2026-05-14,M0757,İzmir,Elektronik,Kablosuz Kulaklık,1,1299,1299,Banka Kartı,Tamamlandı
S10759,2026-05-14,M0584,Adana,Giyim,Kazak,1,749,749,Havale/EFT,Tamamlandı
S10759,2026-05-14,M0584,Adana,Kozmetik,Şampuan,2,159,318,Havale/EFT,Tamamlandı
S10760,2026-05-15,M0690,Konya,Giyim,Kazak,1,749,749,Kredi Kartı,Tamamlandı
S10760,2026-05-15,M0690,Konya,Ev Yaşam,Nevresim Takımı,2,1149,2298,Kredi Kartı,Tamamlandı
S10760,2026-05-15,M0690,Konya,Giyim,Mont,1,2299,2299,Kredi Kartı,Tamamlandı
S10761,2026-05-15,M0006,Ankara,Spor,Koşu Bandı,1,18999,18999,Kredi Kartı,Tamamlandı
S10761,2026-05-15,M0006,Ankara,Kitap,Çocuk Kitabı,1,149,149,Kredi Kartı,Tamamlandı
S10762,2026-05-15,M0065,İzmir,Spor,Dambıl Seti,2,1249,2498,Kredi Kartı,Tamamlandı
S10763,2026-05-15,M0257,İstanbul,Spor,Dambıl Seti,1,1249,1249,Kredi Kartı,Tamamlandı
S10763,2026-05-15,M0257,İstanbul,Elektronik,Oyuncu Mouse,1,899,899,Kredi Kartı,Tamamlandı
S10763,2026-05-15,M0257,İstanbul,Ev Yaşam,Kahve Makinesi,4,2199,8796,Kredi Kartı,Tamamlandı
S10764,2026-05-15,M0387,İstanbul,Elektronik,Oyuncu Kulaklığı,1,1899,1899,Havale/EFT,Tamamlandı
S10765,2026-05-15,M0642,Ankara,Elektronik,Tablet,1,8999,8999,Kredi Kartı,Tamamlandı
S10766,2026-05-15,M0421,İstanbul,Elektronik,Akıllı Saat,2,3499,6998,Banka Kartı,Tamamlandı
S10766,2026-05-15,M0421,İstanbul,Kozmetik,Nemlendirici Krem,3,399,1197,Banka Kartı,Tamamlandı
S10767,2026-05-15,M0465,İzmir,Elektronik,Oyuncu Mouse,1,899,899,Banka Kartı,Tamamlandı
S10768,2026-05-16,M0587,İstanbul,Ev Yaşam,Masa Lambası,1,649,649,Kredi Kartı,Tamamlandı
S10769,2026-05-16,M0046,İstanbul,Kitap,Çocuk Kitabı,1,149,149,Kredi Kartı,Tamamlandı
S10770,2026-05-16,M0795,İstanbul,Giyim,Kazak,1,749,749,Kredi Kartı,Tamamlandı
S10770,2026-05-16,M0795,İstanbul,Elektronik,Mekanik Klavye,2,2499,4998,Kredi Kartı,Tamamlandı
S10771,2026-05-16,M0056,Ankara,Kitap,Çocuk Kitabı,1,149,149,Kredi Kartı,Tamamlandı
S10772,2026-05-16,M0712,Bursa,Spor,Dambıl Seti,1,1249,1249,Kredi Kartı,Tamamlandı
S10772,2026-05-16,M0712,Bursa,Giyim,Kot Pantolon,3,899,2697,Kredi Kartı,Tamamlandı
S10773,2026-05-16,M0508,İstanbul,Giyim,Spor Ayakkabı,1,1899,1899,Kredi Kartı,Tamamlandı
S10774,2026-05-16,M0835,İstanbul,Elektronik,Oyuncu Kulaklığı,1,1899,1899,Banka Kartı,Tamamlandı
S10775,2026-05-16,M0031,İzmir,Kozmetik,Güneş Kremi,1,459,459,Kredi Kartı,Tamamlandı
S10776,2026-05-17,M0225,Adana,Ev Yaşam,Kahve Makinesi,1,2199,2199,Banka Kartı,Tamamlandı
S10777,2026-05-17,M0104,İstanbul,Spor,Yoga Matı,3,399,1197,Banka Kartı,Tamamlandı
S10778,2026-05-17,M0246,Ankara,Ev Yaşam,Masa Lambası,2,649,1298,Kredi Kartı,Tamamlandı
S10779,2026-05-17,M0729,İstanbul,Spor,Yoga Matı,1,399,399,Kredi Kartı,Tamamlandı
S10779,2026-05-17,M0729,İstanbul,Ev Yaşam,Tencere Seti,1,3299,3299,Kredi Kartı,Tamamlandı
S10779,2026-05-17,M0729,İstanbul,Kozmetik,Parfüm,1,1599,1599,Kredi Kartı,Tamamlandı
S10780,2026-05-17,M0336,İstanbul,Elektronik,Bluetooth Hoparlör,1,1799,1799,Banka Kartı,Tamamlandı
S10781,2026-05-17,M0745,İstanbul,Elektronik,Bluetooth Hoparlör,2,1799,3598,Kredi Kartı,Tamamlandı
S10781,2026-05-17,M0745,İstanbul,Ev Yaşam,Termos,1,449,449,Kredi Kartı,Tamamlandı
S10782,2026-05-17,M0383,İzmir,Ev Yaşam,Termos,2,449,898,Kredi Kartı,Tamamlandı
S10782,2026-05-17,M0383,İzmir,Kozmetik,Parfüm,3,1599,4797,Kredi Kartı,Tamamlandı
S10782,2026-05-17,M0383,İzmir,Giyim,Mont,1,2299,2299,Kredi Kartı,Tamamlandı
S10783,2026-05-17,M0161,Konya,Elektronik,Kablosuz Kulaklık,1,1299,1299,Kredi Kartı,Tamamlandı
S10784,2026-05-17,M0598,İstanbul,Ev Yaşam,Termos,1,449,449,Kredi Kartı,Tamamlandı
S10785,2026-05-18,M0280,Ankara,Kozmetik,Nemlendirici Krem,1,399,399,Kredi Kartı,Tamamlandı
S10786,2026-05-18,M0526,İzmir,Giyim,Kot Pantolon,1,899,899,Kredi Kartı,Tamamlandı
S10787,2026-05-18,M0342,İstanbul,Spor,Dambıl Seti,1,1249,1249,Kredi Kartı,Tamamlandı
S10788,2026-05-18,M0142,Trabzon,Kitap,Roman,1,189,189,Havale/EFT,Tamamlandı
S10788,2026-05-18,M0142,Trabzon,Spor,Yoga Matı,1,399,399,Havale/EFT,Tamamlandı
S10789,2026-05-18,M0672,İstanbul,Kitap,Çocuk Kitabı,1,149,149,Banka Kartı,Tamamlandı
S10789,2026-05-18,M0672,İstanbul,Elektronik,Mekanik Klavye,1,2499,2499,Banka Kartı,Tamamlandı
S10789,2026-05-18,M0672,İstanbul,Ev Yaşam,Tencere Seti,1,3299,3299,Banka Kartı,Tamamlandı
S10790,2026-05-18,M0867,İstanbul,Elektronik,Bluetooth Hoparlör,1,1799,1799,Havale/EFT,Tamamlandı
S10790,2026-05-18,M0867,İstanbul,Ev Yaşam,Kahve Makinesi,3,2199,0,Havale/EFT,İade
S10791,2026-05-18,M0830,Bursa,Giyim,Spor Ayakkabı,2,1899,3798,Kredi Kartı,Tamamlandı
S10792,2026-05-19,M0582,Antalya,Kitap,Roman,2,189,378,Kapıda Ödeme,Tamamlandı
S10793,2026-05-19,M0623,İzmir,Kitap,Roman,1,189,189,Kredi Kartı,Tamamlandı
S10794,2026-05-19,M0337,İzmir,Elektronik,Kablosuz Kulaklık,1,1299,1299,Kredi Kartı,Tamamlandı
S10794,2026-05-19,M0337,İzmir,Kozmetik,Nemlendirici Krem,1,399,399,Kredi Kartı,Tamamlandı
S10795,2026-05-19,M0396,İstanbul,Elektronik,Kablosuz Kulaklık,1,1299,1299,Kredi Kartı,Tamamlandı
S10795,2026-05-19,M0396,İstanbul,Spor,Yoga Matı,1,399,399,Kredi Kartı,Tamamlandı
S10796,2026-05-19,M0550,Ankara,Kitap,Roman,3,189,567,Banka Kartı,Tamamlandı
S10797,2026-05-20,M0838,Bursa,Kitap,Kişisel Gelişim Kitabı,1,229,229,Kredi Kartı,Tamamlandı
S10797,2026-05-20,M0838,Bursa,Giyim,Kot Pantolon,1,899,899,Kredi Kartı,Tamamlandı
S10798,2026-05-20,M0409,İzmir,Ev Yaşam,Termos,1,449,449,Kredi Kartı,Tamamlandı
S10799,2026-05-20,M0094,İstanbul,Kozmetik,Şampuan,1,159,159,Havale/EFT,Tamamlandı
S10800,2026-05-20,M0830,Adana,Kozmetik,Nemlendirici Krem,1,399,399,Kredi Kartı,Tamamlandı
S10801,2026-05-20,M0716,İzmir,Giyim,Kazak,1,749,749,Kredi Kartı,Tamamlandı
S10801,2026-05-20,M0716,İzmir,Giyim,Kazak,2,749,1498,Kredi Kartı,Tamamlandı
S10801,2026-05-20,M0716,İzmir,Elektronik,Bluetooth Hoparlör,4,1799,7196,Kredi Kartı,Tamamlandı
S10802,2026-05-20,M0378,İstanbul,Giyim,Tişört,1,349,349,Kredi Kartı,Tamamlandı
S10802,2026-05-20,M0378,İstanbul,Ev Yaşam,Kahve Makinesi,2,2199,4398,Kredi Kartı,Tamamlandı
S10803,2026-05-20,M0391,Ankara,Elektronik,Mekanik Klavye,2,2499,4998,Kredi Kartı,Tamamlandı
S10804,2026-05-20,M0687,Bursa,Ev Yaşam,Nevresim Takımı,3,1149,3447,Kredi Kartı,Tamamlandı
S10805,2026-05-21,M0175,Antalya,Elektronik,Tablet,1,8999,8999,Banka Kartı,Tamamlandı
S10806,2026-05-21,M0012,Bursa,Elektronik,Kablosuz Kulaklık,2,1299,2598,Kredi Kartı,Tamamlandı
S10807,2026-05-21,M0714,İstanbul,Kozmetik,Şampuan,1,159,159,Banka Kartı,Tamamlandı
S10808,2026-05-21,M0455,İstanbul,Kozmetik,Güneş Kremi,1,459,459,Kredi Kartı,Tamamlandı
S10808,2026-05-21,M0455,İstanbul,Elektronik,Akıllı Saat,4,3499,13996,Kredi Kartı,Tamamlandı
S10809,2026-05-21,M0197,Bursa,Elektronik,Tablet,2,8999,17998,Kredi Kartı,Tamamlandı
S10809,2026-05-21,M0197,Bursa,Elektronik,Bluetooth Hoparlör,2,1799,3598,Kredi Kartı,Tamamlandı
S10809,2026-05-21,M0197,Bursa,Kozmetik,Şampuan,3,159,477,Kredi Kartı,Tamamlandı
S10810,2026-05-21,M0439,İstanbul,Elektronik,Akıllı Saat,1,3499,3499,Kredi Kartı,Tamamlandı
S10811,2026-05-21,M0470,İstanbul,Kozmetik,Parfüm,3,1599,4797,Banka Kartı,Tamamlandı
S10812,2026-05-22,M0786,İzmir,Ev Yaşam,Tencere Seti,2,3299,6598,Kapıda Ödeme,Tamamlandı
S10813,2026-05-22,M0098,İzmir,Kozmetik,Güneş Kremi,2,459,918,Kapıda Ödeme,Tamamlandı
S10813,2026-05-22,M0098,İzmir,Kozmetik,Güneş Kremi,1,459,459,Kapıda Ödeme,Tamamlandı
S10814,2026-05-22,M0494,İstanbul,Ev Yaşam,Termos,2,449,898,Kredi Kartı,Tamamlandı
S10814,2026-05-22,M0494,İstanbul,Kozmetik,Parfüm,1,1599,1599,Kredi Kartı,Tamamlandı
S10814,2026-05-22,M0494,İstanbul,Elektronik,Mekanik Klavye,1,2499,2499,Kredi Kartı,Tamamlandı
S10815,2026-05-23,M0511,İstanbul,Elektronik,Oyuncu Kulaklığı,1,1899,1899,Kredi Kartı,Tamamlandı
S10816,2026-05-23,M0757,Adana,Spor,Yoga Matı,2,399,798,Kredi Kartı,Tamamlandı
S10817,2026-05-23,M0833,İstanbul,Giyim,Mont,1,2299,2299,Kredi Kartı,Tamamlandı
S10817,2026-05-23,M0833,İstanbul,Kozmetik,Parfüm,2,1599,3198,Kredi Kartı,Tamamlandı
S10818,2026-05-23,M0623,Adana,Kozmetik,Parfüm,1,1599,1599,Kredi Kartı,Tamamlandı
S10819,2026-05-23,M0054,İzmir,Elektronik,Oyuncu Mouse,2,899,1798,Kredi Kartı,Tamamlandı
S10820,2026-05-23,M0242,Ankara,Elektronik,Mekanik Klavye,1,2499,2499,Kredi Kartı,Tamamlandı
S10821,2026-05-23,M0311,İstanbul,Giyim,Spor Ayakkabı,1,1899,1899,Kredi Kartı,Tamamlandı
S10821,2026-05-23,M0311,İstanbul,Giyim,Kot Pantolon,1,899,899,Kredi Kartı,Tamamlandı
S10822,2026-05-23,M0753,Ankara,Ev Yaşam,Masa Lambası,1,649,649,Kredi Kartı,Tamamlandı
S10822,2026-05-23,M0753,Ankara,Kitap,Roman,1,189,189,Kredi Kartı,Tamamlandı
S10822,2026-05-23,M0753,Ankara,Elektronik,Akıllı Saat,1,3499,3499,Kredi Kartı,Tamamlandı
S10823,2026-05-23,M0576,İzmir,Ev Yaşam,Kahve Makinesi,1,2199,0,Kredi Kartı,İade
S10824,2026-05-24,M0513,Bursa,Giyim,Mont,2,2299,4598,Kredi Kartı,Tamamlandı
S10825,2026-05-24,M0316,İzmir,Elektronik,Oyuncu Kulaklığı,1,1899,1899,Banka Kartı,Tamamlandı
S10826,2026-05-24,M0199,Antalya,Kozmetik,Nemlendirici Krem,2,399,798,Kapıda Ödeme,Tamamlandı
S10826,2026-05-24,M0199,Antalya,Giyim,Kot Pantolon,1,899,899,Kapıda Ödeme,Tamamlandı
S10827,2026-05-24,M0253,İstanbul,Kozmetik,Şampuan,2,159,318,Kredi Kartı,Tamamlandı
S10827,2026-05-24,M0253,İstanbul,Giyim,Tişört,2,349,698,Kredi Kartı,Tamamlandı
S10828,2026-05-24,M0617,İzmir,Elektronik,Kablosuz Kulaklık,2,1299,2598,Banka Kartı,Tamamlandı
S10829,2026-05-24,M0724,İzmir,Elektronik,Akıllı Saat,2,3499,6998,Kapıda Ödeme,Tamamlandı
S10830,2026-05-24,M0310,Ankara,Ev Yaşam,Masa Lambası,2,649,1298,Kredi Kartı,Tamamlandı
S10830,2026-05-24,M0310,Ankara,Spor,Yoga Matı,1,399,399,Kredi Kartı,Tamamlandı
S10831,2026-05-24,M0834,İstanbul,Giyim,Mont,4,2299,9196,Banka Kartı,Tamamlandı
S10831,2026-05-24,M0834,İstanbul,Elektronik,Kablosuz Kulaklık,2,1299,2598,Banka Kartı,Tamamlandı
S10831,2026-05-24,M0834,İstanbul,Kozmetik,Şampuan,1,159,159,Banka Kartı,Tamamlandı
S10832,2026-05-24,M0721,İstanbul,Elektronik,Bluetooth Hoparlör,1,1799,1799,Kredi Kartı,Tamamlandı
S10833,2026-05-25,M0197,İstanbul,Kozmetik,Şampuan,2,159,318,Kapıda Ödeme,Tamamlandı
S10834,2026-05-25,M0301,İstanbul,Elektronik,Mekanik Klavye,1,2499,2499,Kredi Kartı,Tamamlandı
S10835,2026-05-25,M0010,İstanbul,Ev Yaşam,Tencere Seti,1,3299,3299,Havale/EFT,Tamamlandı
S10836,2026-05-25,M0008,Ankara,Giyim,Tişört,2,349,698,Kredi Kartı,Tamamlandı
S10836,2026-05-25,M0008,Ankara,Giyim,Spor Ayakkabı,1,1899,1899,Kredi Kartı,Tamamlandı
S10836,2026-05-25,M0008,Ankara,Giyim,Mont,1,2299,2299,Kredi Kartı,Tamamlandı
S10837,2026-05-25,M0365,Adana,Kitap,Kişisel Gelişim Kitabı,2,229,458,Havale/EFT,Tamamlandı
S10838,2026-05-25,M0027,İzmir,Kozmetik,Güneş Kremi,1,459,459,Havale/EFT,Tamamlandı
S10839,2026-05-26,M0675,Adana,Elektronik,Oyuncu Mouse,3,899,2697,Kredi Kartı,Tamamlandı
S10839,2026-05-26,M0675,Adana,Kozmetik,Güneş Kremi,4,459,1836,Kredi Kartı,Tamamlandı
S10840,2026-05-26,M0695,Ankara,Kozmetik,Parfüm,1,1599,1599,Banka Kartı,Tamamlandı
S10841,2026-05-26,M0488,Trabzon,Kozmetik,Nemlendirici Krem,1,399,399,Havale/EFT,Tamamlandı
S10841,2026-05-26,M0488,Trabzon,Ev Yaşam,Termos,2,449,898,Havale/EFT,Tamamlandı
S10841,2026-05-26,M0488,Trabzon,Elektronik,Tablet,1,8999,8999,Havale/EFT,Tamamlandı
S10842,2026-05-27,M0173,Adana,Ev Yaşam,Nevresim Takımı,1,1149,1149,Kapıda Ödeme,Tamamlandı
S10843,2026-05-27,M0717,İstanbul,Elektronik,Oyuncu Kulaklığı,3,1899,5697,Kredi Kartı,Tamamlandı
S10843,2026-05-27,M0717,İstanbul,Giyim,Mont,1,2299,2299,Kredi Kartı,Tamamlandı
S10844,2026-05-27,M0127,Bursa,Ev Yaşam,Masa Lambası,1,649,649,Kapıda Ödeme,Tamamlandı
S10844,2026-05-27,M0127,Bursa,Ev Yaşam,Tencere Seti,1,3299,3299,Kapıda Ödeme,Tamamlandı
S10845,2026-05-28,M0735,Bursa,Spor,Koşu Bandı,1,18999,18999,Banka Kartı,Tamamlandı
S10845,2026-05-28,M0735,Bursa,Giyim,Mont,1,2299,2299,Banka Kartı,Tamamlandı
S10846,2026-05-28,M0607,Konya,Giyim,Kazak,3,749,2247,Banka Kartı,Tamamlandı
S10847,2026-05-28,M0002,İstanbul,Giyim,Tişört,2,349,698,Banka Kartı,Tamamlandı
S10848,2026-05-28,M0816,İstanbul,Elektronik,Kablosuz Kulaklık,2,1299,2598,Banka Kartı,Tamamlandı
S10849,2026-05-28,M0836,Konya,Ev Yaşam,Masa Lambası,1,649,649,Havale/EFT,Tamamlandı
S10850,2026-05-29,M0614,İstanbul,Giyim,Kazak,1,749,749,Kredi Kartı,Tamamlandı
S10850,2026-05-29,M0614,İstanbul,Elektronik,Akıllı Saat,4,3499,13996,Kredi Kartı,Tamamlandı
S10851,2026-05-29,M0830,İstanbul,Kozmetik,Güneş Kremi,2,459,918,Havale/EFT,Tamamlandı
S10852,2026-05-29,M0887,Antalya,Giyim,Kazak,3,749,2247,Havale/EFT,Tamamlandı
S10852,2026-05-29,M0887,Antalya,Elektronik,Akıllı Saat,1,3499,3499,Havale/EFT,Tamamlandı
S10853,2026-05-29,M0357,Antalya,Giyim,Spor Ayakkabı,1,1899,1899,Kredi Kartı,Tamamlandı
S10854,2026-05-29,M0404,İstanbul,Spor,Yoga Matı,3,399,1197,Kredi Kartı,Tamamlandı
S10854,2026-05-29,M0404,İstanbul,Kozmetik,Şampuan,1,159,159,Kredi Kartı,Tamamlandı
S10855,2026-05-29,M0149,İstanbul,Kozmetik,Nemlendirici Krem,2,399,798,Havale/EFT,Tamamlandı
S10856,2026-05-29,M0805,Trabzon,Giyim,Kazak,3,749,2247,Kredi Kartı,Tamamlandı
S10856,2026-05-29,M0805,Trabzon,Kitap,Roman,1,189,189,Kredi Kartı,Tamamlandı
S10856,2026-05-29,M0805,Trabzon,Kozmetik,Şampuan,4,159,636,Kredi Kartı,Tamamlandı
S10857,2026-05-30,M0414,İstanbul,Giyim,Tişört,1,349,349,Kredi Kartı,Tamamlandı
S10858,2026-05-30,M0795,Bursa,Kozmetik,Güneş Kremi,2,459,918,Havale/EFT,Tamamlandı
S10858,2026-05-30,M0795,Bursa,Kozmetik,Nemlendirici Krem,1,399,399,Havale/EFT,Tamamlandı
S10859,2026-05-30,M0501,İzmir,Ev Yaşam,Tencere Seti,1,3299,3299,Kapıda Ödeme,Tamamlandı
S10860,2026-05-30,M0097,Antalya,Kozmetik,Nemlendirici Krem,1,399,399,Kredi Kartı,Tamamlandı
S10861,2026-05-30,M0066,Bursa,Giyim,Spor Ayakkabı,1,1899,1899,Havale/EFT,Tamamlandı
S10862,2026-05-30,M0803,Antalya,Ev Yaşam,Masa Lambası,2,649,1298,Kredi Kartı,Tamamlandı
S10863,2026-05-31,M0121,İstanbul,Ev Yaşam,Tencere Seti,1,3299,3299,Banka Kartı,Tamamlandı
S10864,2026-05-31,M0212,İzmir,Kozmetik,Parfüm,1,1599,1599,Kredi Kartı,Tamamlandı
S10865,2026-05-31,M0558,İstanbul,Giyim,Kot Pantolon,3,899,2697,Kapıda Ödeme,Tamamlandı
S10865,2026-05-31,M0558,İstanbul,Giyim,Tişört,1,349,349,Kapıda Ödeme,Tamamlandı
S10866,2026-05-31,M0321,İzmir,Ev Yaşam,Nevresim Takımı,1,1149,1149,Kapıda Ödeme,Tamamlandı
S10867,2026-05-31,M0243,İstanbul,Elektronik,Kablosuz Kulaklık,1,1299,1299,Kredi Kartı,Tamamlandı
S10867,2026-05-31,M0243,İstanbul,Giyim,Spor Ayakkabı,1,1899,1899,Kredi Kartı,Tamamlandı
S10868,2026-05-31,M0267,Ankara,Elektronik,Mekanik Klavye,1,2499,2499,Kapıda Ödeme,Tamamlandı
S10869,2026-05-31,M0549,İstanbul,Kozmetik,Şampuan,2,159,318,Banka Kartı,Tamamlandı
S10870,2026-05-31,M0664,Antalya,Elektronik,Oyuncu Kulaklığı,1,1899,1899,Banka Kartı,Tamamlandı
S10871,2026-05-31,M0619,İstanbul,Kozmetik,Nemlendirici Krem,1,399,399,Kredi Kartı,Tamamlandı
S10872,2026-06-01,M0342,Antalya,Giyim,Kot Pantolon,4,899,3596,Kredi Kartı,Tamamlandı
S10872,2026-06-01,M0342,Antalya,Kitap,Çocuk Kitabı,1,149,149,Kredi Kartı,Tamamlandı
S10873,2026-06-01,M0897,İstanbul,Ev Yaşam,Masa Lambası,2,649,1298,Havale/EFT,Tamamlandı
S10874,2026-06-02,M0175,İstanbul,Spor,Dambıl Seti,2,1249,2498,Havale/EFT,Tamamlandı
S10875,2026-06-02,M0871,Ankara,Kozmetik,Şampuan,2,159,318,Banka Kartı,Tamamlandı
S10876,2026-06-02,M0582,Bursa,Kitap,Çocuk Kitabı,1,149,149,Kredi Kartı,Tamamlandı
S10876,2026-06-02,M0582,Bursa,Kozmetik,Parfüm,4,1599,6396,Kredi Kartı,Tamamlandı
S10877,2026-06-02,M0515,İstanbul,Kozmetik,Güneş Kremi,1,459,459,Kapıda Ödeme,Tamamlandı
S10878,2026-06-03,M0090,Konya,Elektronik,Kablosuz Kulaklık,2,1299,2598,Kredi Kartı,Tamamlandı
S10879,2026-06-03,M0170,İzmir,Kitap,Çocuk Kitabı,1,149,149,Kredi Kartı,Tamamlandı
S10880,2026-06-03,M0694,Ankara,Ev Yaşam,Tencere Seti,3,3299,9897,Banka Kartı,Tamamlandı
S10881,2026-06-03,M0416,İstanbul,Elektronik,Akıllı Saat,1,3499,3499,Kredi Kartı,Tamamlandı
S10881,2026-06-03,M0416,İstanbul,Kitap,Kişisel Gelişim Kitabı,3,229,687,Kredi Kartı,Tamamlandı
S10882,2026-06-04,M0044,İzmir,Kitap,Kişisel Gelişim Kitabı,1,229,229,Kapıda Ödeme,Tamamlandı
S10882,2026-06-04,M0044,İzmir,Spor,Dambıl Seti,3,1249,3747,Kapıda Ödeme,Tamamlandı
S10883,2026-06-04,M0389,İstanbul,Kozmetik,Güneş Kremi,2,459,918,Kapıda Ödeme,Tamamlandı
S10884,2026-06-04,M0298,İstanbul,Kozmetik,Şampuan,1,159,159,Kredi Kartı,Tamamlandı
S10885,2026-06-04,M0659,İzmir,Kitap,Çocuk Kitabı,1,149,0,Havale/EFT,İade
S10885,2026-06-04,M0659,İzmir,Ev Yaşam,Nevresim Takımı,1,1149,1149,Havale/EFT,Tamamlandı
S10885,2026-06-04,M0659,İzmir,Kozmetik,Nemlendirici Krem,1,399,399,Havale/EFT,Tamamlandı
S10886,2026-06-04,M0203,İstanbul,Elektronik,Bluetooth Hoparlör,1,1799,1799,Kredi Kartı,Tamamlandı
S10887,2026-06-04,M0232,Ankara,Kitap,Kişisel Gelişim Kitabı,1,229,229,Kredi Kartı,Tamamlandı
S10888,2026-06-04,M0673,Antalya,Giyim,Mont,3,2299,6897,Kredi Kartı,Tamamlandı
S10889,2026-06-04,M0195,İstanbul,Giyim,Kot Pantolon,2,899,1798,Kredi Kartı,Tamamlandı
S10890,2026-06-05,M0682,Trabzon,Ev Yaşam,Masa Lambası,1,649,649,Kredi Kartı,Tamamlandı
S10891,2026-06-05,M0800,Adana,Spor,Yoga Matı,1,399,399,Kredi Kartı,Tamamlandı
S10891,2026-06-05,M0800,Adana,Elektronik,Mekanik Klavye,1,2499,2499,Kredi Kartı,Tamamlandı
S10891,2026-06-05,M0800,Adana,Giyim,Spor Ayakkabı,1,1899,1899,Kredi Kartı,Tamamlandı
S10892,2026-06-05,M0756,İstanbul,Elektronik,Bluetooth Hoparlör,1,1799,1799,Kredi Kartı,Tamamlandı
S10893,2026-06-05,M0192,İstanbul,Kitap,Roman,2,189,378,Havale/EFT,Tamamlandı
S10893,2026-06-05,M0192,İstanbul,Kozmetik,Güneş Kremi,2,459,918,Havale/EFT,Tamamlandı
S10894,2026-06-05,M0186,İstanbul,Elektronik,Kablosuz Kulaklık,1,1299,1299,Havale/EFT,Tamamlandı
S10894,2026-06-05,M0186,İstanbul,Elektronik,Mekanik Klavye,1,2499,2499,Havale/EFT,Tamamlandı
S10895,2026-06-06,M0538,İstanbul,Giyim,Tişört,1,349,349,Banka Kartı,Tamamlandı
S10896,2026-06-06,M0312,İstanbul,Kozmetik,Parfüm,3,1599,4797,Kredi Kartı,Tamamlandı
S10896,2026-06-06,M0312,İstanbul,Elektronik,Oyuncu Mouse,1,899,899,Kredi Kartı,Tamamlandı
S10896,2026-06-06,M0312,İstanbul,Giyim,Spor Ayakkabı,1,1899,1899,Kredi Kartı,Tamamlandı
S10897,2026-06-06,M0504,Ankara,Elektronik,Bluetooth Hoparlör,2,1799,3598,Kredi Kartı,Tamamlandı
S10898,2026-06-06,M0760,Antalya,Ev Yaşam,Nevresim Takımı,1,1149,1149,Banka Kartı,Tamamlandı
S10899,2026-06-06,M0090,Adana,Elektronik,Oyuncu Mouse,3,899,2697,Kredi Kartı,Tamamlandı
S10899,2026-06-06,M0090,Adana,Elektronik,Oyuncu Mouse,3,899,2697,Kredi Kartı,Tamamlandı
S10900,2026-06-06,M0560,İzmir,Kozmetik,Şampuan,1,159,159,Kredi Kartı,Tamamlandı
S10901,2026-06-06,M0429,İzmir,Spor,Dambıl Seti,4,1249,4996,Kredi Kartı,Tamamlandı
S10901,2026-06-06,M0429,İzmir,Ev Yaşam,Masa Lambası,3,649,1947,Kredi Kartı,Tamamlandı
S10902,2026-06-06,M0430,İzmir,Elektronik,Mekanik Klavye,4,2499,9996,Kapıda Ödeme,Tamamlandı
S10902,2026-06-06,M0430,İzmir,Kitap,Roman,4,189,756,Kapıda Ödeme,Tamamlandı
S10903,2026-06-06,M0835,Ankara,Kitap,Roman,2,189,378,Banka Kartı,Tamamlandı
S10903,2026-06-06,M0835,Ankara,Kozmetik,Nemlendirici Krem,1,399,399,Banka Kartı,Tamamlandı
S10904,2026-06-06,M0164,İzmir,Kitap,Kişisel Gelişim Kitabı,1,229,229,Banka Kartı,Tamamlandı
S10905,2026-06-07,M0266,İstanbul,Ev Yaşam,Kahve Makinesi,1,2199,2199,Kredi Kartı,Tamamlandı
S10905,2026-06-07,M0266,İstanbul,Elektronik,Mekanik Klavye,3,2499,7497,Kredi Kartı,Tamamlandı
S10906,2026-06-07,M0277,Adana,Kitap,Roman,1,189,189,Kredi Kartı,Tamamlandı
S10906,2026-06-07,M0277,Adana,Kozmetik,Güneş Kremi,1,459,459,Kredi Kartı,Tamamlandı
S10906,2026-06-07,M0277,Adana,Kitap,Roman,1,189,189,Kredi Kartı,Tamamlandı
S10907,2026-06-07,M0302,İstanbul,Spor,Yoga Matı,4,399,1596,Kredi Kartı,Tamamlandı
S10907,2026-06-07,M0302,İstanbul,Kitap,Kişisel Gelişim Kitabı,4,229,916,Kredi Kartı,Tamamlandı
S10908,2026-06-07,M0800,İzmir,Kitap,Roman,2,189,378,Banka Kartı,Tamamlandı
S10908,2026-06-07,M0800,İzmir,Elektronik,Bluetooth Hoparlör,1,1799,1799,Banka Kartı,Tamamlandı
S10909,2026-06-07,M0645,Antalya,Giyim,Spor Ayakkabı,1,1899,1899,Havale/EFT,Tamamlandı
S10910,2026-06-07,M0096,Ankara,Elektronik,Bluetooth Hoparlör,3,1799,5397,Kredi Kartı,Tamamlandı
S10910,2026-06-07,M0096,Ankara,Giyim,Mont,3,2299,6897,Kredi Kartı,Tamamlandı
S10911,2026-06-07,M0704,İzmir,Giyim,Kazak,4,749,2996,Kredi Kartı,Tamamlandı
S10912,2026-06-07,M0540,İstanbul,Elektronik,Akıllı Saat,1,3499,0,Havale/EFT,İade
S10913,2026-06-08,M0136,İstanbul,Kozmetik,Parfüm,4,1599,6396,Kredi Kartı,Tamamlandı
S10914,2026-06-08,M0109,İzmir,Elektronik,Kablosuz Kulaklık,2,1299,2598,Havale/EFT,Tamamlandı
S10914,2026-06-08,M0109,İzmir,Spor,Yoga Matı,1,399,399,Havale/EFT,Tamamlandı
S10915,2026-06-08,M0557,Bursa,Spor,Yoga Matı,1,399,399,Banka Kartı,Tamamlandı
S10916,2026-06-08,M0857,Ankara,Giyim,Mont,1,2299,2299,Kredi Kartı,Tamamlandı
S10917,2026-06-08,M0701,Ankara,Elektronik,Mekanik Klavye,1,2499,2499,Havale/EFT,Tamamlandı
S10917,2026-06-08,M0701,Ankara,Kitap,Kişisel Gelişim Kitabı,1,229,229,Havale/EFT,Tamamlandı
S10918,2026-06-08,M0087,Adana,Ev Yaşam,Termos,2,449,898,Banka Kartı,Tamamlandı
S10919,2026-06-08,M0684,Bursa,Kitap,Roman,1,189,189,Banka Kartı,Tamamlandı
S10920,2026-06-08,M0272,Antalya,Elektronik,Oyuncu Kulaklığı,1,1899,1899,Banka Kartı,Tamamlandı
S10921,2026-06-09,M0328,İstanbul,Kitap,Çocuk Kitabı,1,149,149,Kredi Kartı,Tamamlandı
S10921,2026-06-09,M0328,İstanbul,Kozmetik,Parfüm,1,1599,1599,Kredi Kartı,Tamamlandı
S10922,2026-06-09,M0786,Ankara,Kozmetik,Nemlendirici Krem,2,399,798,Kredi Kartı,Tamamlandı
S10923,2026-06-09,M0822,Konya,Ev Yaşam,Termos,1,449,449,Kapıda Ödeme,Tamamlandı
S10924,2026-06-10,M0733,Ankara,Kozmetik,Şampuan,1,159,0,Banka Kartı,İade
S10924,2026-06-10,M0733,Ankara,Kitap,Roman,1,189,189,Banka Kartı,Tamamlandı
S10925,2026-06-10,M0113,İstanbul,Spor,Dambıl Seti,1,1249,1249,Kredi Kartı,Tamamlandı
S10925,2026-06-10,M0113,İstanbul,Spor,Koşu Bandı,3,18999,56997,Kredi Kartı,Tamamlandı
S10926,2026-06-10,M0848,İstanbul,Kozmetik,Parfüm,2,1599,3198,Banka Kartı,Tamamlandı
S10927,2026-06-10,M0435,Ankara,Elektronik,Tablet,3,8999,26997,Banka Kartı,Tamamlandı
S10927,2026-06-10,M0435,Ankara,Giyim,Kot Pantolon,1,899,899,Banka Kartı,Tamamlandı
S10928,2026-06-10,M0834,Ankara,Elektronik,Bluetooth Hoparlör,3,1799,5397,Havale/EFT,Tamamlandı
S10929,2026-06-10,M0740,Ankara,Giyim,Kot Pantolon,3,899,2697,Havale/EFT,Tamamlandı
S10929,2026-06-10,M0740,Ankara,Kozmetik,Şampuan,1,159,159,Havale/EFT,Tamamlandı
S10930,2026-06-11,M0697,Konya,Giyim,Tişört,1,349,349,Kredi Kartı,Tamamlandı
S10930,2026-06-11,M0697,Konya,Kitap,Roman,1,189,189,Kredi Kartı,Tamamlandı
S10931,2026-06-11,M0129,Bursa,Giyim,Kazak,4,749,2996,Kredi Kartı,Tamamlandı
S10932,2026-06-11,M0080,Antalya,Kozmetik,Güneş Kremi,1,459,459,Kredi Kartı,Tamamlandı
S10933,2026-06-11,M0663,Ankara,Giyim,Spor Ayakkabı,1,1899,1899,Kredi Kartı,Tamamlandı
S10934,2026-06-11,M0167,İzmir,Kozmetik,Nemlendirici Krem,1,399,399,Kredi Kartı,Tamamlandı
S10935,2026-06-11,M0034,İstanbul,Elektronik,Oyuncu Kulaklığı,1,1899,1899,Kredi Kartı,Tamamlandı
S10936,2026-06-11,M0096,Konya,Giyim,Mont,1,2299,2299,Kredi Kartı,Tamamlandı
S10937,2026-06-12,M0720,Bursa,Ev Yaşam,Termos,2,449,0,Kredi Kartı,İade
S10937,2026-06-12,M0720,Bursa,Spor,Dambıl Seti,2,1249,2498,Kredi Kartı,Tamamlandı
S10938,2026-06-12,M0166,İstanbul,Elektronik,Tablet,3,8999,26997,Kredi Kartı,Tamamlandı
S10938,2026-06-12,M0166,İstanbul,Kozmetik,Güneş Kremi,1,459,459,Kredi Kartı,Tamamlandı
S10939,2026-06-12,M0529,Trabzon,Kozmetik,Nemlendirici Krem,1,399,399,Banka Kartı,Tamamlandı
S10940,2026-06-12,M0639,Adana,Kozmetik,Nemlendirici Krem,1,399,399,Kredi Kartı,Tamamlandı
S10940,2026-06-12,M0639,Adana,Elektronik,Mekanik Klavye,2,2499,4998,Kredi Kartı,Tamamlandı
S10941,2026-06-12,M0825,İstanbul,Spor,Dambıl Seti,3,1249,3747,Havale/EFT,Tamamlandı
S10942,2026-06-12,M0466,İstanbul,Giyim,Mont,1,2299,2299,Kapıda Ödeme,Tamamlandı
S10943,2026-06-13,M0791,Ankara,Kozmetik,Nemlendirici Krem,3,399,1197,Kapıda Ödeme,Tamamlandı
S10943,2026-06-13,M0791,Ankara,Kitap,Kişisel Gelişim Kitabı,1,229,229,Kapıda Ödeme,Tamamlandı
S10943,2026-06-13,M0791,Ankara,Giyim,Spor Ayakkabı,2,1899,3798,Kapıda Ödeme,Tamamlandı
S10944,2026-06-13,M0525,Adana,Kozmetik,Şampuan,1,159,159,Kapıda Ödeme,Tamamlandı
S10945,2026-06-13,M0699,İstanbul,Spor,Dambıl Seti,1,1249,1249,Kapıda Ödeme,Tamamlandı
S10946,2026-06-13,M0108,İstanbul,Elektronik,Akıllı Saat,1,3499,3499,Kredi Kartı,Tamamlandı
S10947,2026-06-13,M0478,Ankara,Elektronik,Mekanik Klavye,1,2499,2499,Kredi Kartı,Tamamlandı
S10947,2026-06-13,M0478,Ankara,Giyim,Tişört,1,349,349,Kredi Kartı,Tamamlandı
S10948,2026-06-14,M0218,Bursa,Elektronik,Mekanik Klavye,1,2499,2499,Kredi Kartı,Tamamlandı
S10949,2026-06-14,M0328,İzmir,Elektronik,Tablet,2,8999,17998,Kapıda Ödeme,Tamamlandı
S10949,2026-06-14,M0328,İzmir,Elektronik,Mekanik Klavye,1,2499,2499,Kapıda Ödeme,Tamamlandı
S10950,2026-06-14,M0434,İstanbul,Elektronik,Akıllı Saat,1,3499,3499,Banka Kartı,Tamamlandı
S10951,2026-06-14,M0893,Ankara,Elektronik,Kablosuz Kulaklık,3,1299,3897,Kredi Kartı,Tamamlandı
S10951,2026-06-14,M0893,Ankara,Kitap,Roman,1,189,189,Kredi Kartı,Tamamlandı
S10952,2026-06-14,M0494,Ankara,Kozmetik,Nemlendirici Krem,2,399,798,Banka Kartı,Tamamlandı
S10953,2026-06-14,M0011,İzmir,Kozmetik,Şampuan,1,159,159,Havale/EFT,Tamamlandı
S10954,2026-06-14,M0844,Konya,Giyim,Kot Pantolon,1,899,899,Banka Kartı,Tamamlandı
S10954,2026-06-14,M0844,Konya,Spor,Yoga Matı,4,399,1596,Banka Kartı,Tamamlandı
S10955,2026-06-14,M0534,Bursa,Spor,Dambıl Seti,2,1249,2498,Kapıda Ödeme,Tamamlandı
S10955,2026-06-14,M0534,Bursa,Elektronik,Tablet,1,8999,8999,Kapıda Ödeme,Tamamlandı
S10955,2026-06-14,M0534,Bursa,Kozmetik,Şampuan,1,159,159,Kapıda Ödeme,Tamamlandı
S10956,2026-06-15,M0196,Trabzon,Spor,Yoga Matı,3,399,1197,Banka Kartı,Tamamlandı
S10957,2026-06-15,M0889,İstanbul,Giyim,Mont,2,2299,4598,Kredi Kartı,Tamamlandı
S10957,2026-06-15,M0889,İstanbul,Kitap,Kişisel Gelişim Kitabı,3,229,687,Kredi Kartı,Tamamlandı
S10957,2026-06-15,M0889,İstanbul,Giyim,Tişört,1,349,349,Kredi Kartı,Tamamlandı
S10958,2026-06-15,M0292,Adana,Giyim,Spor Ayakkabı,3,1899,5697,Banka Kartı,Tamamlandı
S10959,2026-06-15,M0090,Antalya,Kozmetik,Nemlendirici Krem,1,399,399,Kredi Kartı,Tamamlandı
S10959,2026-06-15,M0090,Antalya,Kitap,Roman,1,189,189,Kredi Kartı,Tamamlandı
S10960,2026-06-15,M0034,Bursa,Kozmetik,Şampuan,1,159,159,Havale/EFT,Tamamlandı
S10961,2026-06-15,M0128,Ankara,Kitap,Kişisel Gelişim Kitabı,2,229,458,Havale/EFT,Tamamlandı
S10962,2026-06-15,M0384,Antalya,Kozmetik,Nemlendirici Krem,3,399,1197,Kredi Kartı,Tamamlandı
S10963,2026-06-15,M0690,İstanbul,Elektronik,Mekanik Klavye,1,2499,2499,Kapıda Ödeme,Tamamlandı
S10964,2026-06-16,M0344,İstanbul,Ev Yaşam,Nevresim Takımı,1,1149,1149,Banka Kartı,Tamamlandı
S10965,2026-06-16,M0053,Antalya,Kozmetik,Güneş Kremi,1,459,459,Banka Kartı,Tamamlandı
S10966,2026-06-16,M0530,İstanbul,Elektronik,Kablosuz Kulaklık,1,1299,1299,Kredi Kartı,Tamamlandı
S10966,2026-06-16,M0530,İstanbul,Kozmetik,Güneş Kremi,2,459,918,Kredi Kartı,Tamamlandı
S10967,2026-06-16,M0331,İstanbul,Kozmetik,Şampuan,1,159,159,Kredi Kartı,Tamamlandı
S10968,2026-06-16,M0081,İzmir,Kitap,Kişisel Gelişim Kitabı,2,229,458,Kredi Kartı,Tamamlandı
S10968,2026-06-16,M0081,İzmir,Kozmetik,Parfüm,1,1599,1599,Kredi Kartı,Tamamlandı
S10969,2026-06-16,M0744,Antalya,Kozmetik,Nemlendirici Krem,3,399,1197,Havale/EFT,Tamamlandı
S10969,2026-06-16,M0744,Antalya,Kozmetik,Şampuan,1,159,159,Havale/EFT,Tamamlandı
S10970,2026-06-16,M0611,İstanbul,Elektronik,Kablosuz Kulaklık,2,1299,2598,Kredi Kartı,Tamamlandı
S10971,2026-06-17,M0213,Ankara,Elektronik,Oyuncu Kulaklığı,1,1899,1899,Kredi Kartı,Tamamlandı
S10972,2026-06-17,M0385,Adana,Elektronik,Akıllı Saat,3,3499,10497,Banka Kartı,Tamamlandı
S10973,2026-06-17,M0647,İzmir,Kitap,Kişisel Gelişim Kitabı,1,229,229,Kredi Kartı,Tamamlandı
S10973,2026-06-17,M0647,İzmir,Elektronik,Tablet,3,8999,26997,Kredi Kartı,Tamamlandı
S10973,2026-06-17,M0647,İzmir,Elektronik,Kablosuz Kulaklık,1,1299,1299,Kredi Kartı,Tamamlandı
S10974,2026-06-17,M0888,Ankara,Elektronik,Kablosuz Kulaklık,2,1299,2598,Havale/EFT,Tamamlandı
S10975,2026-06-17,M0281,Ankara,Ev Yaşam,Nevresim Takımı,2,1149,2298,Kapıda Ödeme,Tamamlandı
S10976,2026-06-18,M0198,İstanbul,Kozmetik,Güneş Kremi,1,459,459,Kredi Kartı,Tamamlandı
S10976,2026-06-18,M0198,İstanbul,Ev Yaşam,Kahve Makinesi,1,2199,2199,Kredi Kartı,Tamamlandı
S10977,2026-06-18,M0444,Adana,Spor,Dambıl Seti,1,1249,1249,Kredi Kartı,Tamamlandı
S10977,2026-06-18,M0444,Adana,Ev Yaşam,Nevresim Takımı,2,1149,2298,Kredi Kartı,Tamamlandı
S10978,2026-06-18,M0172,Adana,Giyim,Spor Ayakkabı,3,1899,5697,Kapıda Ödeme,Tamamlandı
S10979,2026-06-18,M0544,Ankara,Giyim,Spor Ayakkabı,1,1899,1899,Kredi Kartı,Tamamlandı
S10980,2026-06-18,M0673,Ankara,Elektronik,Oyuncu Mouse,2,899,1798,Kredi Kartı,Tamamlandı
S10981,2026-06-19,M0582,Antalya,Giyim,Spor Ayakkabı,1,1899,1899,Havale/EFT,Tamamlandı
S10982,2026-06-19,M0285,Bursa,Kozmetik,Şampuan,2,159,318,Kapıda Ödeme,Tamamlandı
S10982,2026-06-19,M0285,Bursa,Ev Yaşam,Tencere Seti,1,3299,3299,Kapıda Ödeme,Tamamlandı
S10983,2026-06-19,M0506,Ankara,Elektronik,Mekanik Klavye,1,2499,2499,Kapıda Ödeme,Tamamlandı
S10984,2026-06-19,M0591,İstanbul,Ev Yaşam,Kahve Makinesi,1,2199,2199,Kredi Kartı,Tamamlandı
S10984,2026-06-19,M0591,İstanbul,Kitap,Roman,1,189,189,Kredi Kartı,Tamamlandı
S10985,2026-06-19,M0346,İzmir,Spor,Dambıl Seti,1,1249,1249,Kredi Kartı,Tamamlandı
S10986,2026-06-19,M0410,İstanbul,Elektronik,Akıllı Saat,4,3499,13996,Havale/EFT,Tamamlandı
S10987,2026-06-20,M0864,Ankara,Elektronik,Kablosuz Kulaklık,1,1299,1299,Banka Kartı,Tamamlandı
S10988,2026-06-20,M0705,Bursa,Kozmetik,Güneş Kremi,2,459,918,Kredi Kartı,Tamamlandı
S10989,2026-06-20,M0006,Konya,Spor,Yoga Matı,3,399,1197,Havale/EFT,Tamamlandı
S10990,2026-06-20,M0338,Bursa,Kozmetik,Güneş Kremi,1,459,459,Havale/EFT,Tamamlandı
S10991,2026-06-20,M0327,Adana,Kitap,Kişisel Gelişim Kitabı,1,229,229,Havale/EFT,Tamamlandı
S10991,2026-06-20,M0327,Adana,Ev Yaşam,Termos,2,449,898,Havale/EFT,Tamamlandı
S10992,2026-06-20,M0330,Antalya,Kozmetik,Şampuan,1,159,159,Kredi Kartı,Tamamlandı
S10993,2026-06-20,M0249,Bursa,Elektronik,Oyuncu Kulaklığı,1,1899,0,Banka Kartı,İade
S10994,2026-06-21,M0222,Ankara,Giyim,Kazak,2,749,1498,Kredi Kartı,Tamamlandı
S10995,2026-06-21,M0321,Antalya,Elektronik,Bluetooth Hoparlör,3,1799,5397,Kredi Kartı,Tamamlandı
S10996,2026-06-21,M0373,Ankara,Elektronik,Akıllı Saat,1,3499,3499,Kredi Kartı,Tamamlandı
S10996,2026-06-21,M0373,Ankara,Kozmetik,Güneş Kremi,1,459,459,Kredi Kartı,Tamamlandı
S10997,2026-06-21,M0473,Adana,Kitap,Roman,1,189,189,Banka Kartı,Tamamlandı
S10998,2026-06-21,M0464,Ankara,Giyim,Mont,1,2299,2299,Kredi Kartı,Tamamlandı
S10999,2026-06-21,M0342,İstanbul,Kozmetik,Şampuan,1,159,159,Kredi Kartı,Tamamlandı
S11000,2026-06-22,M0543,İzmir,Elektronik,Mekanik Klavye,1,2499,2499,Kredi Kartı,Tamamlandı
S11001,2026-06-22,M0037,İzmir,Giyim,Kazak,2,749,1498,Kredi Kartı,Tamamlandı
S11002,2026-06-22,M0403,İstanbul,Giyim,Mont,2,2299,4598,Banka Kartı,Tamamlandı
S11002,2026-06-22,M0403,İstanbul,Giyim,Tişört,2,349,698,Banka Kartı,Tamamlandı
S11003,2026-06-22,M0516,Adana,Spor,Dambıl Seti,1,1249,1249,Banka Kartı,Tamamlandı
S11003,2026-06-22,M0516,Adana,Elektronik,Akıllı Saat,1,3499,3499,Banka Kartı,Tamamlandı
S11004,2026-06-22,M0683,Ankara,Giyim,Kot Pantolon,2,899,1798,Kredi Kartı,Tamamlandı
S11005,2026-06-23,M0609,Ankara,Kitap,Kişisel Gelişim Kitabı,1,229,0,Kredi Kartı,İade
S11006,2026-06-23,M0697,Trabzon,Elektronik,Mekanik Klavye,1,2499,2499,Havale/EFT,Tamamlandı
S11007,2026-06-23,M0754,Ankara,Ev Yaşam,Masa Lambası,1,649,649,Kredi Kartı,Tamamlandı
S11008,2026-06-23,M0848,Ankara,Kozmetik,Güneş Kremi,3,459,1377,Banka Kartı,Tamamlandı
S11008,2026-06-23,M0848,Ankara,Elektronik,Oyuncu Mouse,2,899,0,Banka Kartı,İade
S11009,2026-06-23,M0421,Adana,Ev Yaşam,Nevresim Takımı,2,1149,2298,Banka Kartı,Tamamlandı
S11010,2026-06-23,M0369,İstanbul,Giyim,Kot Pantolon,1,899,899,Kredi Kartı,Tamamlandı
S11010,2026-06-23,M0369,İstanbul,Ev Yaşam,Tencere Seti,4,3299,13196,Kredi Kartı,Tamamlandı
S11010,2026-06-23,M0369,İstanbul,Elektronik,Oyuncu Kulaklığı,1,1899,1899,Kredi Kartı,Tamamlandı
S11011,2026-06-23,M0604,Ankara,Elektronik,Bluetooth Hoparlör,1,1799,1799,Kapıda Ödeme,Tamamlandı
S11012,2026-06-23,M0444,Antalya,Giyim,Kot Pantolon,1,899,899,Banka Kartı,Tamamlandı
S11012,2026-06-23,M0444,Antalya,Elektronik,Oyuncu Mouse,1,899,899,Banka Kartı,Tamamlandı
S11013,2026-06-24,M0499,İstanbul,Elektronik,Mekanik Klavye,1,2499,2499,Havale/EFT,Tamamlandı
S11014,2026-06-24,M0314,İstanbul,Elektronik,Kablosuz Kulaklık,3,1299,3897,Kredi Kartı,Tamamlandı
S11014,2026-06-24,M0314,İstanbul,Ev Yaşam,Tencere Seti,1,3299,3299,Kredi Kartı,Tamamlandı
S11015,2026-06-24,M0731,İstanbul,Ev Yaşam,Kahve Makinesi,1,2199,2199,Kapıda Ödeme,Tamamlandı
S11016,2026-06-24,M0364,İstanbul,Giyim,Kazak,3,749,2247,Banka Kartı,Tamamlandı
S11017,2026-06-24,M0612,İstanbul,Giyim,Tişört,2,349,698,Banka Kartı,Tamamlandı
S11017,2026-06-24,M0612,İstanbul,Elektronik,Bluetooth Hoparlör,1,1799,1799,Banka Kartı,Tamamlandı
S11018,2026-06-24,M0581,Konya,Kozmetik,Güneş Kremi,1,459,459,Kredi Kartı,Tamamlandı
S11019,2026-06-25,M0711,İstanbul,Ev Yaşam,Termos,1,449,449,Kapıda Ödeme,Tamamlandı
S11019,2026-06-25,M0711,İstanbul,Elektronik,Bluetooth Hoparlör,3,1799,5397,Kapıda Ödeme,Tamamlandı
S11020,2026-06-25,M0774,İstanbul,Ev Yaşam,Nevresim Takımı,2,1149,2298,Kapıda Ödeme,Tamamlandı
S11020,2026-06-25,M0774,İstanbul,Kitap,Roman,2,189,378,Kapıda Ödeme,Tamamlandı
S11021,2026-06-25,M0687,İstanbul,Ev Yaşam,Kahve Makinesi,1,2199,2199,Havale/EFT,Tamamlandı
S11021,2026-06-25,M0687,İstanbul,Kozmetik,Nemlendirici Krem,1,399,399,Havale/EFT,Tamamlandı
S11022,2026-06-25,M0494,Bursa,Ev Yaşam,Termos,2,449,898,Havale/EFT,Tamamlandı
S11023,2026-06-25,M0529,İstanbul,Giyim,Spor Ayakkabı,2,1899,3798,Banka Kartı,Tamamlandı
S11024,2026-06-25,M0319,Bursa,Kozmetik,Parfüm,1,1599,1599,Kapıda Ödeme,Tamamlandı
S11024,2026-06-25,M0319,Bursa,Kitap,Kişisel Gelişim Kitabı,1,229,229,Kapıda Ödeme,Tamamlandı
S11025,2026-06-26,M0401,İstanbul,Kitap,Çocuk Kitabı,2,149,298,Kredi Kartı,Tamamlandı
S11026,2026-06-26,M0842,İzmir,Elektronik,Mekanik Klavye,1,2499,2499,Kredi Kartı,Tamamlandı
S11026,2026-06-26,M0842,İzmir,Kozmetik,Parfüm,1,1599,1599,Kredi Kartı,Tamamlandı
S11027,2026-06-26,M0206,Ankara,Kitap,Kişisel Gelişim Kitabı,2,229,458,Kredi Kartı,Tamamlandı
S11027,2026-06-26,M0206,Ankara,Kozmetik,Parfüm,1,1599,1599,Kredi Kartı,Tamamlandı
S11028,2026-06-26,M0029,İstanbul,Ev Yaşam,Kahve Makinesi,2,2199,4398,Kredi Kartı,Tamamlandı
S11029,2026-06-26,M0456,İstanbul,Ev Yaşam,Masa Lambası,1,649,649,Kapıda Ödeme,Tamamlandı
S11029,2026-06-26,M0456,İstanbul,Giyim,Kazak,1,749,749,Kapıda Ödeme,Tamamlandı
S11029,2026-06-26,M0456,İstanbul,Kozmetik,Nemlendirici Krem,1,399,399,Kapıda Ödeme,Tamamlandı
S11030,2026-06-26,M0361,Bursa,Spor,Yoga Matı,2,399,798,Banka Kartı,Tamamlandı
S11031,2026-06-26,M0404,İstanbul,Kitap,Kişisel Gelişim Kitabı,1,229,229,Havale/EFT,Tamamlandı
S11032,2026-06-26,M0520,Antalya,Giyim,Kazak,1,749,749,Kredi Kartı,Tamamlandı
S11033,2026-06-27,M0414,İstanbul,Giyim,Spor Ayakkabı,1,1899,1899,Kredi Kartı,Tamamlandı
S11033,2026-06-27,M0414,İstanbul,Giyim,Mont,2,2299,4598,Kredi Kartı,Tamamlandı
S11034,2026-06-27,M0815,İstanbul,Kitap,Çocuk Kitabı,1,149,149,Havale/EFT,Tamamlandı
S11035,2026-06-27,M0627,İstanbul,Ev Yaşam,Nevresim Takımı,2,1149,2298,Kredi Kartı,Tamamlandı
S11035,2026-06-27,M0627,İstanbul,Elektronik,Kablosuz Kulaklık,1,1299,1299,Kredi Kartı,Tamamlandı
S11036,2026-06-27,M0653,İzmir,Ev Yaşam,Nevresim Takımı,1,1149,1149,Kredi Kartı,Tamamlandı
S11037,2026-06-27,M0834,İzmir,Elektronik,Oyuncu Kulaklığı,1,1899,1899,Havale/EFT,Tamamlandı
S11038,2026-06-27,M0144,Adana,Ev Yaşam,Kahve Makinesi,1,2199,2199,Kredi Kartı,Tamamlandı
S11039,2026-06-27,M0746,İzmir,Ev Yaşam,Termos,1,449,449,Kredi Kartı,Tamamlandı
S11039,2026-06-27,M0746,İzmir,Ev Yaşam,Kahve Makinesi,1,2199,2199,Kredi Kartı,Tamamlandı
S11040,2026-06-27,M0386,Adana,Ev Yaşam,Kahve Makinesi,1,2199,2199,Banka Kartı,Tamamlandı
S11041,2026-06-27,M0554,İstanbul,Kitap,Roman,2,189,378,Kredi Kartı,Tamamlandı
S11041,2026-06-27,M0554,İstanbul,Kitap,Çocuk Kitabı,1,149,149,Kredi Kartı,Tamamlandı
S11041,2026-06-27,M0554,İstanbul,Spor,Koşu Bandı,1,18999,18999,Kredi Kartı,Tamamlandı
S11042,2026-06-28,M0114,İzmir,Kozmetik,Parfüm,1,1599,1599,Kapıda Ödeme,Tamamlandı
S11042,2026-06-28,M0114,İzmir,Kitap,Roman,1,189,189,Kapıda Ödeme,Tamamlandı
S11042,2026-06-28,M0114,İzmir,Giyim,Spor Ayakkabı,3,1899,5697,Kapıda Ödeme,Tamamlandı
S11043,2026-06-28,M0506,İstanbul,Kozmetik,Güneş Kremi,1,459,459,Kapıda Ödeme,Tamamlandı
S11043,2026-06-28,M0506,İstanbul,Kitap,Kişisel Gelişim Kitabı,1,229,229,Kapıda Ödeme,Tamamlandı
S11043,2026-06-28,M0506,İstanbul,Ev Yaşam,Tencere Seti,1,3299,3299,Kapıda Ödeme,Tamamlandı
S11044,2026-06-28,M0037,Ankara,Ev Yaşam,Masa Lambası,3,649,1947,Kredi Kartı,Tamamlandı
S11045,2026-06-28,M0057,İstanbul,Ev Yaşam,Nevresim Takımı,2,1149,0,Havale/EFT,İade
S11046,2026-06-28,M0494,İstanbul,Giyim,Tişört,1,349,349,Havale/EFT,Tamamlandı
S11046,2026-06-28,M0494,İstanbul,Kitap,Çocuk Kitabı,1,149,149,Havale/EFT,Tamamlandı
S11047,2026-06-28,M0448,Konya,Elektronik,Akıllı Saat,2,3499,6998,Kredi Kartı,Tamamlandı
S11048,2026-06-28,M0550,İzmir,Kozmetik,Güneş Kremi,1,459,459,Kapıda Ödeme,Tamamlandı
S11049,2026-06-28,M0185,İstanbul,Kitap,Çocuk Kitabı,1,149,149,Kredi Kartı,Tamamlandı
S11049,2026-06-28,M0185,İstanbul,Kozmetik,Şampuan,1,159,159,Kredi Kartı,Tamamlandı
S11050,2026-06-28,M0211,Ankara,Kitap,Roman,2,189,378,Banka Kartı,Tamamlandı
S11051,2026-06-28,M0799,İzmir,Kitap,Roman,1,189,189,Havale/EFT,Tamamlandı
S11052,2026-06-28,M0355,Adana,Giyim,Mont,1,2299,2299,Banka Kartı,Tamamlandı
S11052,2026-06-28,M0355,Adana,Giyim,Spor Ayakkabı,1,1899,1899,Banka Kartı,Tamamlandı
S11053,2026-06-29,M0836,Antalya,Ev Yaşam,Masa Lambası,3,649,0,Kredi Kartı,İade
S11054,2026-06-29,M0857,İstanbul,Spor,Yoga Matı,1,399,399,Kredi Kartı,Tamamlandı
S11055,2026-06-29,M0508,İstanbul,Giyim,Mont,2,2299,4598,Kredi Kartı,Tamamlandı
S11056,2026-06-29,M0677,İstanbul,Elektronik,Oyuncu Mouse,3,899,2697,Kredi Kartı,Tamamlandı
S11057,2026-06-29,M0269,Antalya,Giyim,Kazak,1,749,749,Banka Kartı,Tamamlandı
S11057,2026-06-29,M0269,Antalya,Kozmetik,Şampuan,1,159,159,Banka Kartı,Tamamlandı
S11058,2026-06-29,M0398,Konya,Kitap,Kişisel Gelişim Kitabı,1,229,229,Kapıda Ödeme,Tamamlandı
S11059,2026-06-29,M0788,İzmir,Kozmetik,Güneş Kremi,1,459,0,Kredi Kartı,İade
S11060,2026-06-30,M0088,Trabzon,Ev Yaşam,Kahve Makinesi,1,2199,2199,Havale/EFT,Tamamlandı
S11061,2026-06-30,M0257,Antalya,Elektronik,Bluetooth Hoparlör,1,1799,1799,Havale/EFT,Tamamlandı
S11061,2026-06-30,M0257,Antalya,Elektronik,Bluetooth Hoparlör,1,1799,1799,Havale/EFT,Tamamlandı
S11062,2026-06-30,M0368,Ankara,Elektronik,Oyuncu Kulaklığı,1,1899,1899,Havale/EFT,Tamamlandı
S11063,2026-06-30,M0322,Konya,Spor,Yoga Matı,1,399,399,Kredi Kartı,Tamamlandı
S11064,2026-06-30,M0179,İstanbul,Elektronik,Kablosuz Kulaklık,2,1299,2598,Banka Kartı,Tamamlandı
S11065,2026-06-30,M0594,İstanbul,Kitap,Çocuk Kitabı,4,149,0,Banka Kartı,İade
S11066,2026-06-30,M0866,Adana,Ev Yaşam,Nevresim Takımı,1,1149,1149,Kredi Kartı,Tamamlandı
S11066,2026-06-30,M0866,Adana,Ev Yaşam,Nevresim Takımı,1,1149,1149,Kredi Kartı,Tamamlandı
S11067,2026-06-30,M0843,Bursa,Giyim,Kot Pantolon,1,899,899,Kredi Kartı,Tamamlandı
S11068,2026-07-01,M0418,Adana,Giyim,Kot Pantolon,1,899,899,Kredi Kartı,Tamamlandı
S11068,2026-07-01,M0418,Adana,Elektronik,Oyuncu Mouse,1,899,899,Kredi Kartı,Tamamlandı
S11068,2026-07-01,M0418,Adana,Giyim,Spor Ayakkabı,2,1899,3798,Kredi Kartı,Tamamlandı
S11069,2026-07-01,M0730,Ankara,Elektronik,Tablet,1,8999,8999,Kredi Kartı,Tamamlandı
S11069,2026-07-01,M0730,Ankara,Elektronik,Kablosuz Kulaklık,3,1299,3897,Kredi Kartı,Tamamlandı
S11070,2026-07-01,M0516,Trabzon,Ev Yaşam,Kahve Makinesi,3,2199,6597,Banka Kartı,Tamamlandı
S11070,2026-07-01,M0516,Trabzon,Ev Yaşam,Masa Lambası,1,649,649,Banka Kartı,Tamamlandı
S11071,2026-07-02,M0250,İstanbul,Giyim,Mont,4,2299,9196,Havale/EFT,Tamamlandı
S11071,2026-07-02,M0250,İstanbul,Ev Yaşam,Tencere Seti,1,3299,3299,Havale/EFT,Tamamlandı
S11071,2026-07-02,M0250,İstanbul,Ev Yaşam,Kahve Makinesi,1,2199,2199,Havale/EFT,Tamamlandı
S11072,2026-07-02,M0236,Ankara,Spor,Yoga Matı,1,399,399,Kredi Kartı,Tamamlandı
S11073,2026-07-02,M0418,Bursa,Spor,Yoga Matı,1,399,399,Banka Kartı,Tamamlandı
S11073,2026-07-02,M0418,Bursa,Ev Yaşam,Kahve Makinesi,1,2199,2199,Banka Kartı,Tamamlandı
S11074,2026-07-02,M0203,Adana,Elektronik,Mekanik Klavye,1,2499,2499,Havale/EFT,Tamamlandı
S11075,2026-07-02,M0761,İstanbul,Elektronik,Mekanik Klavye,1,2499,2499,Havale/EFT,Tamamlandı
S11075,2026-07-02,M0761,İstanbul,Ev Yaşam,Nevresim Takımı,1,1149,1149,Havale/EFT,Tamamlandı
S11076,2026-07-02,M0714,İzmir,Kitap,Çocuk Kitabı,1,149,149,Banka Kartı,Tamamlandı
S11077,2026-07-02,M0740,İstanbul,Ev Yaşam,Termos,1,449,449,Banka Kartı,Tamamlandı
S11078,2026-07-03,M0297,Antalya,Kozmetik,Şampuan,2,159,318,Banka Kartı,Tamamlandı
S11078,2026-07-03,M0297,Antalya,Elektronik,Kablosuz Kulaklık,1,1299,1299,Banka Kartı,Tamamlandı
S11079,2026-07-03,M0465,Ankara,Ev Yaşam,Tencere Seti,1,3299,3299,Kredi Kartı,Tamamlandı
S11080,2026-07-03,M0350,İstanbul,Ev Yaşam,Tencere Seti,1,3299,3299,Kredi Kartı,Tamamlandı
S11081,2026-07-03,M0776,İstanbul,Kozmetik,Güneş Kremi,1,459,459,Kredi Kartı,Tamamlandı
S11081,2026-07-03,M0776,İstanbul,Ev Yaşam,Masa Lambası,1,649,649,Kredi Kartı,Tamamlandı
S11082,2026-07-03,M0122,İstanbul,Elektronik,Oyuncu Kulaklığı,1,1899,1899,Kredi Kartı,Tamamlandı
S11083,2026-07-03,M0109,Konya,Elektronik,Tablet,2,8999,17998,Banka Kartı,Tamamlandı
S11084,2026-07-03,M0041,Konya,Elektronik,Tablet,1,8999,8999,Kredi Kartı,Tamamlandı
S11084,2026-07-03,M0041,Konya,Kitap,Kişisel Gelişim Kitabı,2,229,458,Kredi Kartı,Tamamlandı
S11085,2026-07-03,M0851,Ankara,Kitap,Roman,3,189,567,Kapıda Ödeme,Tamamlandı
S11085,2026-07-03,M0851,Ankara,Elektronik,Kablosuz Kulaklık,1,1299,1299,Kapıda Ödeme,Tamamlandı
S11086,2026-07-04,M0763,Antalya,Ev Yaşam,Nevresim Takımı,2,1149,2298,Banka Kartı,Tamamlandı
S11087,2026-07-04,M0796,İstanbul,Elektronik,Kablosuz Kulaklık,2,1299,2598,Banka Kartı,Tamamlandı
S11087,2026-07-04,M0796,İstanbul,Elektronik,Bluetooth Hoparlör,2,1799,3598,Banka Kartı,Tamamlandı
S11088,2026-07-04,M0650,İzmir,Kitap,Roman,1,189,189,Kredi Kartı,Tamamlandı
S11089,2026-07-04,M0497,Antalya,Elektronik,Oyuncu Kulaklığı,3,1899,5697,Banka Kartı,Tamamlandı
S11090,2026-07-04,M0768,İstanbul,Kozmetik,Şampuan,1,159,159,Kredi Kartı,Tamamlandı
S11091,2026-07-04,M0629,Ankara,Ev Yaşam,Masa Lambası,1,649,649,Banka Kartı,Tamamlandı
S11091,2026-07-04,M0629,Ankara,Giyim,Mont,1,2299,2299,Banka Kartı,Tamamlandı
S11092,2026-07-04,M0402,İzmir,Giyim,Kazak,3,749,2247,Kredi Kartı,Tamamlandı
S11093,2026-07-04,M0430,Trabzon,Elektronik,Bluetooth Hoparlör,1,1799,1799,Kredi Kartı,Tamamlandı
S11093,2026-07-04,M0430,Trabzon,Kozmetik,Şampuan,2,159,318,Kredi Kartı,Tamamlandı
S11094,2026-07-04,M0825,Adana,Elektronik,Mekanik Klavye,1,2499,2499,Banka Kartı,Tamamlandı
S11094,2026-07-04,M0825,Adana,Giyim,Tişört,1,349,349,Banka Kartı,Tamamlandı
S11095,2026-07-04,M0422,Ankara,Kitap,Roman,2,189,378,Kredi Kartı,Tamamlandı
S11096,2026-07-04,M0839,İstanbul,Kitap,Kişisel Gelişim Kitabı,2,229,458,Kredi Kartı,Tamamlandı
S11097,2026-07-04,M0629,İzmir,Kitap,Roman,1,189,189,Kredi Kartı,Tamamlandı
S11098,2026-07-05,M0342,Konya,Kozmetik,Şampuan,1,159,159,Havale/EFT,Tamamlandı
S11099,2026-07-05,M0161,Antalya,Giyim,Kot Pantolon,1,899,899,Kredi Kartı,Tamamlandı
S11099,2026-07-05,M0161,Antalya,Ev Yaşam,Nevresim Takımı,1,1149,1149,Kredi Kartı,Tamamlandı
S11100,2026-07-05,M0774,Konya,Ev Yaşam,Kahve Makinesi,1,2199,2199,Kredi Kartı,Tamamlandı
S11101,2026-07-05,M0791,Bursa,Spor,Yoga Matı,1,399,399,Kredi Kartı,Tamamlandı
S11101,2026-07-05,M0791,Bursa,Kitap,Çocuk Kitabı,1,149,149,Kredi Kartı,Tamamlandı
S11102,2026-07-05,M0721,Antalya,Spor,Dambıl Seti,1,1249,1249,Kredi Kartı,Tamamlandı
S11103,2026-07-05,M0812,Ankara,Spor,Yoga Matı,2,399,798,Havale/EFT,Tamamlandı
S11103,2026-07-05,M0812,Ankara,Ev Yaşam,Kahve Makinesi,4,2199,8796,Havale/EFT,Tamamlandı
S11104,2026-07-05,M0386,İstanbul,Ev Yaşam,Termos,3,449,1347,Kredi Kartı,Tamamlandı
S11104,2026-07-05,M0386,İstanbul,Giyim,Kot Pantolon,1,899,899,Kredi Kartı,Tamamlandı
S11104,2026-07-05,M0386,İstanbul,Giyim,Tişört,1,349,349,Kredi Kartı,Tamamlandı
S11105,2026-07-05,M0026,Ankara,Ev Yaşam,Masa Lambası,1,649,649,Kredi Kartı,Tamamlandı
S11106,2026-07-05,M0086,İstanbul,Ev Yaşam,Nevresim Takımı,1,1149,1149,Kredi Kartı,Tamamlandı
S11106,2026-07-05,M0086,İstanbul,Ev Yaşam,Masa Lambası,1,649,649,Kredi Kartı,Tamamlandı
S11107,2026-07-06,M0319,Bursa,Kozmetik,Şampuan,3,159,477,Havale/EFT,Tamamlandı
S11108,2026-07-06,M0215,Bursa,Giyim,Spor Ayakkabı,1,1899,1899,Havale/EFT,Tamamlandı
S11109,2026-07-06,M0527,İzmir,Kitap,Kişisel Gelişim Kitabı,1,229,229,Banka Kartı,Tamamlandı
S11109,2026-07-06,M0527,İzmir,Elektronik,Bluetooth Hoparlör,1,1799,1799,Banka Kartı,Tamamlandı
S11110,2026-07-06,M0891,Trabzon,Elektronik,Tablet,1,8999,8999,Kredi Kartı,Tamamlandı
S11111,2026-07-06,M0561,Ankara,Kitap,Çocuk Kitabı,3,149,447,Kredi Kartı,Tamamlandı
S11112,2026-07-06,M0331,İzmir,Elektronik,Bluetooth Hoparlör,1,1799,1799,Kredi Kartı,Tamamlandı
S11112,2026-07-06,M0331,İzmir,Kozmetik,Şampuan,1,159,159,Kredi Kartı,Tamamlandı
S11113,2026-07-06,M0339,Konya,Elektronik,Bluetooth Hoparlör,2,1799,0,Banka Kartı,İade
S11113,2026-07-06,M0339,Konya,Giyim,Kot Pantolon,1,899,899,Banka Kartı,Tamamlandı
S11114,2026-07-07,M0320,Bursa,Ev Yaşam,Kahve Makinesi,2,2199,4398,Kredi Kartı,Tamamlandı
S11115,2026-07-07,M0069,Ankara,Kozmetik,Güneş Kremi,1,459,459,Banka Kartı,Tamamlandı
S11116,2026-07-07,M0889,Ankara,Kozmetik,Güneş Kremi,1,459,459,Banka Kartı,Tamamlandı
S11117,2026-07-07,M0208,İstanbul,Giyim,Mont,1,2299,2299,Kredi Kartı,Tamamlandı
S11117,2026-07-07,M0208,İstanbul,Ev Yaşam,Masa Lambası,1,649,649,Kredi Kartı,Tamamlandı
S11118,2026-07-07,M0607,İzmir,Kozmetik,Güneş Kremi,1,459,0,Kapıda Ödeme,İade
S11118,2026-07-07,M0607,İzmir,Giyim,Mont,3,2299,6897,Kapıda Ödeme,Tamamlandı
S11119,2026-07-08,M0001,İstanbul,Ev Yaşam,Termos,2,449,898,Havale/EFT,Tamamlandı
S11120,2026-07-08,M0513,Antalya,Kozmetik,Şampuan,1,159,159,Kredi Kartı,Tamamlandı
S11121,2026-07-08,M0325,İzmir,Kitap,Çocuk Kitabı,2,149,298,Havale/EFT,Tamamlandı
S11121,2026-07-08,M0325,İzmir,Spor,Dambıl Seti,1,1249,1249,Havale/EFT,Tamamlandı
S11122,2026-07-08,M0702,İstanbul,Elektronik,Oyuncu Kulaklığı,2,1899,3798,Havale/EFT,Tamamlandı
S11122,2026-07-08,M0702,İstanbul,Giyim,Tişört,1,349,349,Havale/EFT,Tamamlandı
S11123,2026-07-08,M0196,Ankara,Elektronik,Bluetooth Hoparlör,1,1799,0,Kredi Kartı,İade
S11123,2026-07-08,M0196,Ankara,Giyim,Kot Pantolon,1,899,899,Kredi Kartı,Tamamlandı
S11124,2026-07-08,M0014,İzmir,Ev Yaşam,Kahve Makinesi,2,2199,4398,Kredi Kartı,Tamamlandı
S11125,2026-07-08,M0641,İstanbul,Kozmetik,Nemlendirici Krem,1,399,399,Banka Kartı,Tamamlandı
S11126,2026-07-08,M0178,Ankara,Spor,Yoga Matı,1,399,399,Havale/EFT,Tamamlandı
S11126,2026-07-08,M0178,Ankara,Elektronik,Tablet,3,8999,26997,Havale/EFT,Tamamlandı
S11127,2026-07-09,M0430,Antalya,Kozmetik,Nemlendirici Krem,2,399,798,Kredi Kartı,Tamamlandı
S11128,2026-07-09,M0874,İstanbul,Spor,Dambıl Seti,1,1249,1249,Banka Kartı,Tamamlandı
S11129,2026-07-09,M0601,Bursa,Kozmetik,Nemlendirici Krem,2,399,798,Kredi Kartı,Tamamlandı
S11130,2026-07-09,M0198,Antalya,Elektronik,Bluetooth Hoparlör,1,1799,1799,Kredi Kartı,Tamamlandı
S11130,2026-07-09,M0198,Antalya,Ev Yaşam,Kahve Makinesi,2,2199,4398,Kredi Kartı,Tamamlandı
S11131,2026-07-09,M0004,İstanbul,Ev Yaşam,Tencere Seti,1,3299,3299,Banka Kartı,Tamamlandı
S11132,2026-07-09,M0091,İstanbul,Elektronik,Oyuncu Mouse,4,899,3596,Kredi Kartı,Tamamlandı
S11132,2026-07-09,M0091,İstanbul,Spor,Yoga Matı,1,399,399,Kredi Kartı,Tamamlandı
S11133,2026-07-09,M0742,Konya,Kitap,Çocuk Kitabı,2,149,298,Kredi Kartı,Tamamlandı
S11133,2026-07-09,M0742,Konya,Giyim,Mont,1,2299,2299,Kredi Kartı,Tamamlandı
S11134,2026-07-09,M0579,İstanbul,Kitap,Roman,1,189,189,Kredi Kartı,Tamamlandı
S11135,2026-07-10,M0593,Ankara,Spor,Dambıl Seti,1,1249,1249,Havale/EFT,Tamamlandı
S11136,2026-07-10,M0600,Ankara,Kozmetik,Nemlendirici Krem,2,399,798,Kredi Kartı,Tamamlandı
S11137,2026-07-10,M0213,Ankara,Kozmetik,Nemlendirici Krem,1,399,399,Kapıda Ödeme,Tamamlandı
S11138,2026-07-10,M0224,Ankara,Kozmetik,Parfüm,1,1599,1599,Kredi Kartı,Tamamlandı
S11139,2026-07-10,M0382,İzmir,Giyim,Kot Pantolon,1,899,899,Banka Kartı,Tamamlandı
S11139,2026-07-10,M0382,İzmir,Elektronik,Bluetooth Hoparlör,1,1799,1799,Banka Kartı,Tamamlandı
S11139,2026-07-10,M0382,İzmir,Elektronik,Akıllı Saat,1,3499,3499,Banka Kartı,Tamamlandı
S11140,2026-07-10,M0771,İstanbul,Ev Yaşam,Termos,1,449,449,Havale/EFT,Tamamlandı
S11141,2026-07-11,M0259,Bursa,Giyim,Kot Pantolon,3,899,2697,Banka Kartı,Tamamlandı
S11142,2026-07-11,M0520,İstanbul,Ev Yaşam,Termos,1,449,449,Kredi Kartı,Tamamlandı
S11143,2026-07-11,M0308,Adana,Elektronik,Oyuncu Kulaklığı,2,1899,3798,Kapıda Ödeme,Tamamlandı
S11143,2026-07-11,M0308,Adana,Giyim,Kazak,4,749,2996,Kapıda Ödeme,Tamamlandı
S11143,2026-07-11,M0308,Adana,Kozmetik,Güneş Kremi,1,459,459,Kapıda Ödeme,Tamamlandı
S11144,2026-07-11,M0001,Bursa,Giyim,Kot Pantolon,2,899,1798,Kredi Kartı,Tamamlandı
S11145,2026-07-11,M0742,İstanbul,Giyim,Tişört,1,349,349,Banka Kartı,Tamamlandı
S11145,2026-07-11,M0742,İstanbul,Kozmetik,Şampuan,3,159,477,Banka Kartı,Tamamlandı
S11146,2026-07-11,M0852,Ankara,Giyim,Mont,3,2299,6897,Kredi Kartı,Tamamlandı
S11146,2026-07-11,M0852,Ankara,Giyim,Mont,2,2299,4598,Kredi Kartı,Tamamlandı
S11146,2026-07-11,M0852,Ankara,Ev Yaşam,Termos,1,449,449,Kredi Kartı,Tamamlandı
S11147,2026-07-11,M0601,İstanbul,Giyim,Mont,1,2299,0,Havale/EFT,İade
S11148,2026-07-11,M0614,Bursa,Elektronik,Mekanik Klavye,1,2499,2499,Kapıda Ödeme,Tamamlandı
S11148,2026-07-11,M0614,Bursa,Giyim,Spor Ayakkabı,1,1899,1899,Kapıda Ödeme,Tamamlandı
S11149,2026-07-11,M0397,Bursa,Kitap,Roman,1,189,189,Kredi Kartı,Tamamlandı
S11150,2026-07-11,M0109,Ankara,Elektronik,Oyuncu Kulaklığı,2,1899,0,Kredi Kartı,İade
S11150,2026-07-11,M0109,Ankara,Giyim,Tişört,1,349,349,Kredi Kartı,Tamamlandı
S11151,2026-07-11,M0498,İzmir,Elektronik,Akıllı Saat,2,3499,6998,Banka Kartı,Tamamlandı
S11152,2026-07-12,M0515,Ankara,Ev Yaşam,Nevresim Takımı,2,1149,2298,Kredi Kartı,Tamamlandı
S11153,2026-07-12,M0545,Antalya,Elektronik,Oyuncu Kulaklığı,2,1899,3798,Havale/EFT,Tamamlandı
S11154,2026-07-12,M0528,Antalya,Elektronik,Mekanik Klavye,1,2499,2499,Banka Kartı,Tamamlandı
S11155,2026-07-12,M0376,İstanbul,Giyim,Spor Ayakkabı,2,1899,0,Banka Kartı,İade
S11156,2026-07-12,M0274,İstanbul,Giyim,Spor Ayakkabı,1,1899,1899,Kredi Kartı,Tamamlandı
S11157,2026-07-12,M0038,İzmir,Ev Yaşam,Kahve Makinesi,1,2199,2199,Kredi Kartı,Tamamlandı
S11158,2026-07-12,M0282,Ankara,Kitap,Çocuk Kitabı,3,149,447,Kredi Kartı,Tamamlandı
S11158,2026-07-12,M0282,Ankara,Ev Yaşam,Kahve Makinesi,1,2199,2199,Kredi Kartı,Tamamlandı
S11159,2026-07-12,M0624,Trabzon,Giyim,Kazak,1,749,749,Banka Kartı,Tamamlandı
S11159,2026-07-12,M0624,Trabzon,Kozmetik,Nemlendirici Krem,1,399,399,Banka Kartı,Tamamlandı
S11160,2026-07-12,M0264,Bursa,Kitap,Çocuk Kitabı,2,149,298,Banka Kartı,Tamamlandı
S11161,2026-07-12,M0311,İzmir,Kozmetik,Parfüm,1,1599,1599,Kredi Kartı,Tamamlandı
S11161,2026-07-12,M0311,İzmir,Kitap,Roman,2,189,378,Kredi Kartı,Tamamlandı
S11162,2026-07-13,M0514,Bursa,Kozmetik,Nemlendirici Krem,1,399,0,Banka Kartı,İade
S11162,2026-07-13,M0514,Bursa,Giyim,Kot Pantolon,1,899,899,Banka Kartı,Tamamlandı
S11162,2026-07-13,M0514,Bursa,Kitap,Roman,1,189,0,Banka Kartı,İade
S11163,2026-07-13,M0333,İstanbul,Kozmetik,Nemlendirici Krem,1,399,399,Banka Kartı,Tamamlandı
S11163,2026-07-13,M0333,İstanbul,Ev Yaşam,Termos,1,449,449,Banka Kartı,Tamamlandı
S11164,2026-07-13,M0328,Ankara,Kozmetik,Parfüm,2,1599,3198,Kredi Kartı,Tamamlandı
S11165,2026-07-13,M0262,Ankara,Elektronik,Bluetooth Hoparlör,4,1799,7196,Banka Kartı,Tamamlandı
S11166,2026-07-14,M0312,İstanbul,Elektronik,Oyuncu Mouse,1,899,899,Kredi Kartı,Tamamlandı
S11166,2026-07-14,M0312,İstanbul,Giyim,Kazak,1,749,749,Kredi Kartı,Tamamlandı
S11167,2026-07-14,M0570,Bursa,Ev Yaşam,Nevresim Takımı,3,1149,3447,Kapıda Ödeme,Tamamlandı
S11168,2026-07-14,M0406,İstanbul,Elektronik,Mekanik Klavye,2,2499,4998,Kapıda Ödeme,Tamamlandı
S11169,2026-07-14,M0411,İzmir,Kitap,Roman,2,189,378,Kredi Kartı,Tamamlandı
S11170,2026-07-14,M0681,Adana,Giyim,Tişört,1,349,349,Kapıda Ödeme,Tamamlandı
S11170,2026-07-14,M0681,Adana,Ev Yaşam,Termos,2,449,898,Kapıda Ödeme,Tamamlandı
S11171,2026-07-14,M0895,İstanbul,Giyim,Tişört,1,349,349,Kredi Kartı,Tamamlandı
S11172,2026-07-14,M0393,İzmir,Elektronik,Kablosuz Kulaklık,1,1299,1299,Kredi Kartı,Tamamlandı
S11173,2026-07-15,M0516,Trabzon,Kitap,Roman,1,189,189,Banka Kartı,Tamamlandı
S11173,2026-07-15,M0516,Trabzon,Ev Yaşam,Kahve Makinesi,1,2199,2199,Banka Kartı,Tamamlandı
S11174,2026-07-15,M0809,İzmir,Spor,Yoga Matı,1,399,399,Banka Kartı,Tamamlandı
S11174,2026-07-15,M0809,İzmir,Elektronik,Oyuncu Kulaklığı,3,1899,5697,Banka Kartı,Tamamlandı
S11175,2026-07-15,M0301,İstanbul,Ev Yaşam,Masa Lambası,1,649,649,Kredi Kartı,Tamamlandı
S11176,2026-07-15,M0182,Trabzon,Ev Yaşam,Nevresim Takımı,3,1149,3447,Kredi Kartı,Tamamlandı
S11177,2026-07-15,M0474,Bursa,Kozmetik,Nemlendirici Krem,1,399,399,Kredi Kartı,Tamamlandı
S11177,2026-07-15,M0474,Bursa,Giyim,Spor Ayakkabı,3,1899,5697,Kredi Kartı,Tamamlandı
S11178,2026-07-16,M0622,İzmir,Ev Yaşam,Masa Lambası,1,649,649,Kredi Kartı,Tamamlandı
S11179,2026-07-16,M0843,Bursa,Kitap,Kişisel Gelişim Kitabı,1,229,229,Kredi Kartı,Tamamlandı
S11180,2026-07-16,M0107,İstanbul,Kozmetik,Parfüm,1,1599,1599,Kredi Kartı,Tamamlandı
S11180,2026-07-16,M0107,İstanbul,Giyim,Kazak,2,749,1498,Kredi Kartı,Tamamlandı
S11181,2026-07-16,M0100,İstanbul,Kozmetik,Güneş Kremi,2,459,918,Banka Kartı,Tamamlandı
S11182,2026-07-17,M0706,Ankara,Ev Yaşam,Termos,2,449,898,Havale/EFT,Tamamlandı
S11182,2026-07-17,M0706,Ankara,Giyim,Mont,1,2299,2299,Havale/EFT,Tamamlandı
S11183,2026-07-17,M0299,İstanbul,Giyim,Spor Ayakkabı,2,1899,3798,Banka Kartı,Tamamlandı
S11184,2026-07-17,M0825,Bursa,Giyim,Spor Ayakkabı,1,1899,1899,Kredi Kartı,Tamamlandı
S11185,2026-07-17,M0311,İstanbul,Ev Yaşam,Tencere Seti,1,3299,3299,Kredi Kartı,Tamamlandı
S11186,2026-07-17,M0175,Trabzon,Ev Yaşam,Termos,1,449,449,Banka Kartı,Tamamlandı
S11187,2026-07-17,M0664,İstanbul,Kitap,Roman,3,189,567,Kredi Kartı,Tamamlandı
S11188,2026-07-18,M0285,İzmir,Elektronik,Bluetooth Hoparlör,1,1799,1799,Banka Kartı,Tamamlandı
S11189,2026-07-18,M0013,Antalya,Ev Yaşam,Nevresim Takımı,1,1149,1149,Havale/EFT,Tamamlandı
S11189,2026-07-18,M0013,Antalya,Giyim,Kot Pantolon,1,899,899,Havale/EFT,Tamamlandı
S11190,2026-07-18,M0567,Konya,Elektronik,Tablet,1,8999,8999,Havale/EFT,Tamamlandı
S11191,2026-07-18,M0251,İstanbul,Kozmetik,Parfüm,2,1599,3198,Banka Kartı,Tamamlandı
S11191,2026-07-18,M0251,İstanbul,Elektronik,Oyuncu Mouse,1,899,899,Banka Kartı,Tamamlandı
S11192,2026-07-18,M0195,Bursa,Elektronik,Akıllı Saat,1,3499,3499,Kapıda Ödeme,Tamamlandı
S11192,2026-07-18,M0195,Bursa,Kozmetik,Nemlendirici Krem,1,399,399,Kapıda Ödeme,Tamamlandı
S11192,2026-07-18,M0195,Bursa,Elektronik,Tablet,1,8999,8999,Kapıda Ödeme,Tamamlandı
S11193,2026-07-18,M0453,İstanbul,Elektronik,Bluetooth Hoparlör,1,1799,1799,Kredi Kartı,Tamamlandı
S11194,2026-07-18,M0882,Adana,Kozmetik,Şampuan,2,159,318,Banka Kartı,Tamamlandı
S11195,2026-07-18,M0001,İstanbul,Kozmetik,Nemlendirici Krem,1,399,399,Kredi Kartı,Tamamlandı
S11196,2026-07-18,M0661,İstanbul,Giyim,Tişört,1,349,349,Havale/EFT,Tamamlandı
S11197,2026-07-19,M0775,Konya,Kitap,Kişisel Gelişim Kitabı,1,229,229,Kredi Kartı,Tamamlandı
S11198,2026-07-19,M0443,Bursa,Giyim,Spor Ayakkabı,2,1899,3798,Kredi Kartı,Tamamlandı
S11198,2026-07-19,M0443,Bursa,Elektronik,Mekanik Klavye,1,2499,2499,Kredi Kartı,Tamamlandı
S11199,2026-07-19,M0785,İzmir,Kozmetik,Şampuan,1,159,159,Kredi Kartı,Tamamlandı
S11200,2026-07-19,M0785,Ankara,Kozmetik,Nemlendirici Krem,1,399,399,Kredi Kartı,Tamamlandı
S11201,2026-07-19,M0610,Antalya,Kitap,Kişisel Gelişim Kitabı,2,229,458,Havale/EFT,Tamamlandı
S11202,2026-07-19,M0149,İstanbul,Giyim,Mont,1,2299,2299,Banka Kartı,Tamamlandı
S11202,2026-07-19,M0149,İstanbul,Elektronik,Oyuncu Kulaklığı,1,1899,1899,Banka Kartı,Tamamlandı
S11203,2026-07-19,M0662,Antalya,Elektronik,Oyuncu Mouse,1,899,899,Kapıda Ödeme,Tamamlandı
S11203,2026-07-19,M0662,Antalya,Giyim,Mont,1,2299,2299,Kapıda Ödeme,Tamamlandı
S11204,2026-07-19,M0334,İzmir,Kozmetik,Nemlendirici Krem,1,399,399,Banka Kartı,Tamamlandı
S11204,2026-07-19,M0334,İzmir,Elektronik,Tablet,3,8999,26997,Banka Kartı,Tamamlandı
S11205,2026-07-19,M0048,Antalya,Kozmetik,Parfüm,4,1599,6396,Kredi Kartı,Tamamlandı
S11205,2026-07-19,M0048,Antalya,Elektronik,Kablosuz Kulaklık,1,1299,1299,Kredi Kartı,Tamamlandı
S11205,2026-07-19,M0048,Antalya,Ev Yaşam,Nevresim Takımı,1,1149,1149,Kredi Kartı,Tamamlandı
S11206,2026-07-19,M0076,İstanbul,Elektronik,Mekanik Klavye,1,2499,2499,Havale/EFT,Tamamlandı
S11207,2026-07-20,M0587,İzmir,Spor,Dambıl Seti,1,1249,1249,Banka Kartı,Tamamlandı
S11208,2026-07-20,M0892,Antalya,Spor,Dambıl Seti,1,1249,1249,Banka Kartı,Tamamlandı
S11209,2026-07-20,M0189,İstanbul,Elektronik,Oyuncu Kulaklığı,1,1899,1899,Kredi Kartı,Tamamlandı
S11210,2026-07-20,M0024,İstanbul,Spor,Dambıl Seti,2,1249,2498,Banka Kartı,Tamamlandı
S11211,2026-07-20,M0525,Ankara,Kitap,Çocuk Kitabı,1,149,149,Banka Kartı,Tamamlandı
S11211,2026-07-20,M0525,Ankara,Giyim,Mont,1,2299,2299,Banka Kartı,Tamamlandı
S11211,2026-07-20,M0525,Ankara,Elektronik,Bluetooth Hoparlör,1,1799,1799,Banka Kartı,Tamamlandı
S11212,2026-07-20,M0526,Adana,Kozmetik,Güneş Kremi,2,459,918,Kredi Kartı,Tamamlandı
S11212,2026-07-20,M0526,Adana,Giyim,Mont,1,2299,2299,Kredi Kartı,Tamamlandı
S11212,2026-07-20,M0526,Adana,Kozmetik,Şampuan,1,159,159,Kredi Kartı,Tamamlandı
S11213,2026-07-20,M0348,Ankara,Kitap,Çocuk Kitabı,1,149,149,Havale/EFT,Tamamlandı
S11213,2026-07-20,M0348,Ankara,Kozmetik,Nemlendirici Krem,1,399,399,Havale/EFT,Tamamlandı
S11214,2026-07-20,M0155,İstanbul,Giyim,Tişört,2,349,698,Kredi Kartı,Tamamlandı
S11214,2026-07-20,M0155,İstanbul,Ev Yaşam,Nevresim Takımı,3,1149,3447,Kredi Kartı,Tamamlandı
S11215,2026-07-21,M0157,İstanbul,Elektronik,Bluetooth Hoparlör,3,1799,5397,Kredi Kartı,Tamamlandı
S11216,2026-07-21,M0131,İzmir,Giyim,Mont,1,2299,2299,Kapıda Ödeme,Tamamlandı
S11217,2026-07-21,M0435,Trabzon,Kozmetik,Parfüm,3,1599,4797,Kredi Kartı,Tamamlandı
S11217,2026-07-21,M0435,Trabzon,Elektronik,Oyuncu Kulaklığı,1,1899,1899,Kredi Kartı,Tamamlandı
S11217,2026-07-21,M0435,Trabzon,Spor,Yoga Matı,1,399,399,Kredi Kartı,Tamamlandı
S11218,2026-07-21,M0204,İstanbul,Elektronik,Mekanik Klavye,3,2499,7497,Kredi Kartı,Tamamlandı
S11218,2026-07-21,M0204,İstanbul,Elektronik,Tablet,1,8999,8999,Kredi Kartı,Tamamlandı
S11219,2026-07-21,M0620,Ankara,Elektronik,Kablosuz Kulaklık,1,1299,1299,Kapıda Ödeme,Tamamlandı
S11220,2026-07-21,M0521,İstanbul,Spor,Yoga Matı,2,399,798,Kredi Kartı,Tamamlandı
S11221,2026-07-21,M0318,Antalya,Giyim,Kazak,1,749,749,Kredi Kartı,Tamamlandı
S11221,2026-07-21,M0318,Antalya,Giyim,Tişört,3,349,1047,Kredi Kartı,Tamamlandı
S11222,2026-07-22,M0145,Adana,Ev Yaşam,Kahve Makinesi,1,2199,2199,Kredi Kartı,Tamamlandı
S11223,2026-07-22,M0611,Antalya,Giyim,Tişört,1,349,349,Havale/EFT,Tamamlandı
S11223,2026-07-22,M0611,Antalya,Kitap,Çocuk Kitabı,2,149,298,Havale/EFT,Tamamlandı
S11224,2026-07-22,M0186,Ankara,Elektronik,Mekanik Klavye,1,2499,2499,Kapıda Ödeme,Tamamlandı
S11224,2026-07-22,M0186,Ankara,Spor,Dambıl Seti,1,1249,1249,Kapıda Ödeme,Tamamlandı
S11225,2026-07-22,M0030,Adana,Kitap,Roman,1,189,189,Kredi Kartı,Tamamlandı
S11225,2026-07-22,M0030,Adana,Ev Yaşam,Kahve Makinesi,1,2199,2199,Kredi Kartı,Tamamlandı
S11226,2026-07-22,M0095,Ankara,Ev Yaşam,Termos,3,449,1347,Kredi Kartı,Tamamlandı
S11226,2026-07-22,M0095,Ankara,Spor,Dambıl Seti,1,1249,1249,Kredi Kartı,Tamamlandı
S11226,2026-07-22,M0095,Ankara,Kitap,Roman,1,189,189,Kredi Kartı,Tamamlandı
S11227,2026-07-22,M0629,Bursa,Spor,Dambıl Seti,1,1249,1249,Kredi Kartı,Tamamlandı
S11228,2026-07-23,M0825,Konya,Elektronik,Akıllı Saat,3,3499,10497,Kredi Kartı,Tamamlandı
S11229,2026-07-23,M0232,İstanbul,Kozmetik,Nemlendirici Krem,1,399,399,Banka Kartı,Tamamlandı
S11230,2026-07-23,M0274,Antalya,Kozmetik,Şampuan,3,159,477,Kredi Kartı,Tamamlandı
S11231,2026-07-23,M0819,Ankara,Elektronik,Mekanik Klavye,1,2499,2499,Kredi Kartı,Tamamlandı
S11232,2026-07-23,M0166,Ankara,Spor,Yoga Matı,2,399,798,Kredi Kartı,Tamamlandı
S11233,2026-07-23,M0416,Ankara,Ev Yaşam,Kahve Makinesi,1,2199,2199,Kredi Kartı,Tamamlandı
S11233,2026-07-23,M0416,Ankara,Kitap,Kişisel Gelişim Kitabı,3,229,687,Kredi Kartı,Tamamlandı
S11234,2026-07-24,M0563,Ankara,Kozmetik,Nemlendirici Krem,2,399,798,Kredi Kartı,Tamamlandı
S11234,2026-07-24,M0563,Ankara,Elektronik,Bluetooth Hoparlör,1,1799,1799,Kredi Kartı,Tamamlandı
S11235,2026-07-24,M0850,İstanbul,Kitap,Roman,1,189,189,Banka Kartı,Tamamlandı
S11236,2026-07-24,M0085,Konya,Spor,Dambıl Seti,1,1249,1249,Kapıda Ödeme,Tamamlandı
S11237,2026-07-24,M0697,İstanbul,Giyim,Spor Ayakkabı,1,1899,1899,Kredi Kartı,Tamamlandı
S11237,2026-07-24,M0697,İstanbul,Ev Yaşam,Tencere Seti,1,3299,3299,Kredi Kartı,Tamamlandı
S11238,2026-07-24,M0544,İstanbul,Kozmetik,Güneş Kremi,1,459,459,Kredi Kartı,Tamamlandı
S11238,2026-07-24,M0544,İstanbul,Kozmetik,Şampuan,3,159,477,Kredi Kartı,Tamamlandı
S11239,2026-07-24,M0208,İstanbul,Giyim,Kazak,4,749,2996,Kapıda Ödeme,Tamamlandı
S11239,2026-07-24,M0208,İstanbul,Ev Yaşam,Kahve Makinesi,3,2199,0,Kapıda Ödeme,İade
S11239,2026-07-24,M0208,İstanbul,Giyim,Tişört,1,349,349,Kapıda Ödeme,Tamamlandı
S11240,2026-07-24,M0628,İzmir,Elektronik,Bluetooth Hoparlör,1,1799,1799,Kredi Kartı,Tamamlandı
S11240,2026-07-24,M0628,İzmir,Kitap,Çocuk Kitabı,1,149,149,Kredi Kartı,Tamamlandı
S11241,2026-07-25,M0430,Ankara,Elektronik,Oyuncu Kulaklığı,1,1899,1899,Kredi Kartı,Tamamlandı
S11241,2026-07-25,M0430,Ankara,Elektronik,Tablet,3,8999,26997,Kredi Kartı,Tamamlandı
S11242,2026-07-25,M0455,İstanbul,Kozmetik,Şampuan,1,159,159,Kredi Kartı,Tamamlandı
S11243,2026-07-25,M0613,Ankara,Elektronik,Tablet,1,8999,8999,Banka Kartı,Tamamlandı
S11244,2026-07-25,M0773,Adana,Kitap,Kişisel Gelişim Kitabı,3,229,687,Kredi Kartı,Tamamlandı
S11245,2026-07-25,M0478,Ankara,Spor,Dambıl Seti,1,1249,1249,Kredi Kartı,Tamamlandı
S11245,2026-07-25,M0478,Ankara,Elektronik,Tablet,3,8999,26997,Kredi Kartı,Tamamlandı
S11246,2026-07-25,M0248,Adana,Kitap,Kişisel Gelişim Kitabı,2,229,458,Banka Kartı,Tamamlandı
S11246,2026-07-25,M0248,Adana,Giyim,Spor Ayakkabı,1,1899,1899,Banka Kartı,Tamamlandı
S11247,2026-07-25,M0521,İstanbul,Giyim,Kot Pantolon,2,899,1798,Banka Kartı,Tamamlandı
S11248,2026-07-25,M0600,Ankara,Elektronik,Tablet,2,8999,17998,Banka Kartı,Tamamlandı
S11248,2026-07-25,M0600,Ankara,Spor,Yoga Matı,1,399,399,Banka Kartı,Tamamlandı
S11249,2026-07-26,M0605,Antalya,Elektronik,Oyuncu Kulaklığı,1,1899,1899,Banka Kartı,Tamamlandı
S11250,2026-07-26,M0727,Adana,Kozmetik,Nemlendirici Krem,2,399,798,Kredi Kartı,Tamamlandı
S11251,2026-07-26,M0588,Adana,Spor,Dambıl Seti,1,1249,1249,Kredi Kartı,Tamamlandı
S11252,2026-07-26,M0222,İzmir,Elektronik,Oyuncu Kulaklığı,2,1899,3798,Kredi Kartı,Tamamlandı
S11252,2026-07-26,M0222,İzmir,Spor,Yoga Matı,2,399,798,Kredi Kartı,Tamamlandı
S11252,2026-07-26,M0222,İzmir,Kitap,Roman,1,189,189,Kredi Kartı,Tamamlandı
S11253,2026-07-26,M0470,Bursa,Elektronik,Bluetooth Hoparlör,2,1799,3598,Banka Kartı,Tamamlandı
S11253,2026-07-26,M0470,Bursa,Kozmetik,Güneş Kremi,2,459,918,Banka Kartı,Tamamlandı
S11254,2026-07-26,M0512,Adana,Kozmetik,Güneş Kremi,1,459,459,Kredi Kartı,Tamamlandı
S11254,2026-07-26,M0512,Adana,Elektronik,Tablet,2,8999,17998,Kredi Kartı,Tamamlandı
S11255,2026-07-26,M0510,İzmir,Spor,Dambıl Seti,1,1249,1249,Havale/EFT,Tamamlandı
S11256,2026-07-26,M0371,Bursa,Elektronik,Oyuncu Mouse,3,899,2697,Kapıda Ödeme,Tamamlandı
S11257,2026-07-27,M0574,İstanbul,Kozmetik,Parfüm,1,1599,1599,Banka Kartı,Tamamlandı
S11258,2026-07-27,M0898,Bursa,Giyim,Mont,1,2299,2299,Havale/EFT,Tamamlandı
S11259,2026-07-27,M0866,Konya,Giyim,Tişört,1,349,349,Havale/EFT,Tamamlandı
S11259,2026-07-27,M0866,Konya,Ev Yaşam,Kahve Makinesi,1,2199,2199,Havale/EFT,Tamamlandı
S11260,2026-07-27,M0281,İstanbul,Giyim,Kazak,1,749,749,Kredi Kartı,Tamamlandı
S11260,2026-07-27,M0281,İstanbul,Elektronik,Akıllı Saat,4,3499,13996,Kredi Kartı,Tamamlandı
S11261,2026-07-27,M0495,Antalya,Ev Yaşam,Termos,2,449,898,Kredi Kartı,Tamamlandı
S11262,2026-07-27,M0643,İzmir,Giyim,Spor Ayakkabı,1,1899,1899,Kapıda Ödeme,Tamamlandı
S11263,2026-07-27,M0442,Ankara,Giyim,Mont,3,2299,6897,Kapıda Ödeme,Tamamlandı
S11263,2026-07-27,M0442,Ankara,Spor,Koşu Bandı,1,18999,18999,Kapıda Ödeme,Tamamlandı
S11263,2026-07-27,M0442,Ankara,Elektronik,Oyuncu Kulaklığı,2,1899,3798,Kapıda Ödeme,Tamamlandı
S11264,2026-07-27,M0488,İzmir,Giyim,Mont,2,2299,4598,Kredi Kartı,Tamamlandı
S11264,2026-07-27,M0488,İzmir,Spor,Yoga Matı,1,399,399,Kredi Kartı,Tamamlandı
S11265,2026-07-28,M0606,Ankara,Ev Yaşam,Termos,1,449,449,Kapıda Ödeme,Tamamlandı
S11266,2026-07-28,M0889,Bursa,Kitap,Roman,1,189,189,Kredi Kartı,Tamamlandı
S11267,2026-07-28,M0029,Bursa,Kitap,Çocuk Kitabı,1,149,149,Kredi Kartı,Tamamlandı
S11267,2026-07-28,M0029,Bursa,Ev Yaşam,Masa Lambası,1,649,649,Kredi Kartı,Tamamlandı
S11268,2026-07-28,M0897,Ankara,Kitap,Kişisel Gelişim Kitabı,2,229,458,Kredi Kartı,Tamamlandı
S11268,2026-07-28,M0897,Ankara,Elektronik,Tablet,1,8999,8999,Kredi Kartı,Tamamlandı
S11269,2026-07-28,M0073,İzmir,Kozmetik,Parfüm,1,1599,1599,Kredi Kartı,Tamamlandı
S11269,2026-07-28,M0073,İzmir,Elektronik,Mekanik Klavye,2,2499,4998,Kredi Kartı,Tamamlandı
S11270,2026-07-29,M0123,İstanbul,Kozmetik,Şampuan,2,159,318,Kredi Kartı,Tamamlandı
S11271,2026-07-29,M0486,İstanbul,Giyim,Spor Ayakkabı,3,1899,5697,Kredi Kartı,Tamamlandı
S11272,2026-07-29,M0189,İstanbul,Kozmetik,Parfüm,1,1599,1599,Kredi Kartı,Tamamlandı
S11273,2026-07-29,M0264,İstanbul,Elektronik,Akıllı Saat,1,3499,3499,Banka Kartı,Tamamlandı
S11273,2026-07-29,M0264,İstanbul,Ev Yaşam,Kahve Makinesi,1,2199,2199,Banka Kartı,Tamamlandı
S11273,2026-07-29,M0264,İstanbul,Kitap,Kişisel Gelişim Kitabı,2,229,458,Banka Kartı,Tamamlandı
S11274,2026-07-29,M0194,İzmir,Kitap,Roman,2,189,378,Kredi Kartı,Tamamlandı
S11275,2026-07-29,M0384,İzmir,Kitap,Roman,1,189,189,Havale/EFT,Tamamlandı
S11275,2026-07-29,M0384,İzmir,Elektronik,Kablosuz Kulaklık,1,1299,1299,Havale/EFT,Tamamlandı
S11276,2026-07-29,M0124,Antalya,Giyim,Kot Pantolon,1,899,899,Kredi Kartı,Tamamlandı
S11277,2026-07-30,M0628,Konya,Ev Yaşam,Nevresim Takımı,1,1149,1149,Kapıda Ödeme,Tamamlandı
S11277,2026-07-30,M0628,Konya,Ev Yaşam,Nevresim Takımı,1,1149,1149,Kapıda Ödeme,Tamamlandı
S11277,2026-07-30,M0628,Konya,Spor,Yoga Matı,1,399,399,Kapıda Ödeme,Tamamlandı
S11278,2026-07-30,M0492,Antalya,Spor,Yoga Matı,1,399,399,Kapıda Ödeme,Tamamlandı
S11278,2026-07-30,M0492,Antalya,Giyim,Tişört,1,349,349,Kapıda Ödeme,Tamamlandı
S11279,2026-07-30,M0404,Antalya,Elektronik,Tablet,1,8999,8999,Banka Kartı,Tamamlandı
S11280,2026-07-30,M0414,Ankara,Elektronik,Bluetooth Hoparlör,1,1799,1799,Kredi Kartı,Tamamlandı
S11281,2026-07-30,M0806,Antalya,Ev Yaşam,Kahve Makinesi,3,2199,6597,Havale/EFT,Tamamlandı
S11281,2026-07-30,M0806,Antalya,Ev Yaşam,Tencere Seti,1,3299,3299,Havale/EFT,Tamamlandı
S11282,2026-07-31,M0757,İstanbul,Giyim,Mont,1,2299,2299,Kredi Kartı,Tamamlandı
S11282,2026-07-31,M0757,İstanbul,Kozmetik,Nemlendirici Krem,1,399,399,Kredi Kartı,Tamamlandı
S11282,2026-07-31,M0757,İstanbul,Ev Yaşam,Masa Lambası,1,649,649,Kredi Kartı,Tamamlandı
S11283,2026-07-31,M0469,Konya,Elektronik,Mekanik Klavye,1,2499,2499,Havale/EFT,Tamamlandı
S11283,2026-07-31,M0469,Konya,Elektronik,Oyuncu Kulaklığı,1,1899,1899,Havale/EFT,Tamamlandı
S11284,2026-07-31,M0298,İstanbul,Spor,Koşu Bandı,4,18999,75996,Kredi Kartı,Tamamlandı
S11284,2026-07-31,M0298,İstanbul,Giyim,Kazak,1,749,749,Kredi Kartı,Tamamlandı
S11285,2026-07-31,M0253,İzmir,Kozmetik,Şampuan,3,159,477,Kredi Kartı,Tamamlandı
S11285,2026-07-31,M0253,İzmir,Kitap,Kişisel Gelişim Kitabı,3,229,687,Kredi Kartı,Tamamlandı
S11285,2026-07-31,M0253,İzmir,Elektronik,Tablet,1,8999,8999,Kredi Kartı,Tamamlandı
S11286,2026-07-31,M0195,Antalya,Kozmetik,Nemlendirici Krem,2,399,798,Kredi Kartı,Tamamlandı
S11286,2026-07-31,M0195,Antalya,Kozmetik,Parfüm,2,1599,3198,Kredi Kartı,Tamamlandı
S11287,2026-07-31,M0811,Ankara,Kitap,Roman,2,189,378,Kredi Kartı,Tamamlandı
S11288,2026-07-31,M0408,İstanbul,Giyim,Spor Ayakkabı,1,1899,1899,Kredi Kartı,Tamamlandı
S11288,2026-07-31,M0408,İstanbul,Elektronik,Kablosuz Kulaklık,2,1299,2598,Kredi Kartı,Tamamlandı
S11289,2026-08-01,M0491,İstanbul,Elektronik,Tablet,2,8999,17998,Kredi Kartı,Tamamlandı
S11289,2026-08-01,M0491,İstanbul,Kozmetik,Nemlendirici Krem,1,399,399,Kredi Kartı,Tamamlandı
S11290,2026-08-01,M0043,Bursa,Kozmetik,Şampuan,1,159,0,Kredi Kartı,İade
S11290,2026-08-01,M0043,Bursa,Elektronik,Oyuncu Kulaklığı,1,1899,1899,Kredi Kartı,Tamamlandı
S11290,2026-08-01,M0043,Bursa,Ev Yaşam,Tencere Seti,1,3299,3299,Kredi Kartı,Tamamlandı
S11291,2026-08-01,M0299,Ankara,Giyim,Spor Ayakkabı,1,1899,1899,Kredi Kartı,Tamamlandı
S11291,2026-08-01,M0299,Ankara,Spor,Dambıl Seti,1,1249,1249,Kredi Kartı,Tamamlandı
S11292,2026-08-01,M0561,Konya,Giyim,Tişört,1,349,349,Kredi Kartı,Tamamlandı
S11292,2026-08-01,M0561,Konya,Kitap,Kişisel Gelişim Kitabı,1,229,229,Kredi Kartı,Tamamlandı
S11293,2026-08-01,M0240,İstanbul,Giyim,Tişört,2,349,698,Kredi Kartı,Tamamlandı
S11294,2026-08-01,M0037,İzmir,Kitap,Çocuk Kitabı,2,149,298,Kredi Kartı,Tamamlandı
S11294,2026-08-01,M0037,İzmir,Kozmetik,Nemlendirici Krem,2,399,798,Kredi Kartı,Tamamlandı
S11295,2026-08-01,M0628,İstanbul,Ev Yaşam,Tencere Seti,1,3299,3299,Kapıda Ödeme,Tamamlandı
S11295,2026-08-01,M0628,İstanbul,Giyim,Mont,2,2299,4598,Kapıda Ödeme,Tamamlandı
S11296,2026-08-01,M0398,Trabzon,Elektronik,Tablet,1,8999,8999,Havale/EFT,Tamamlandı
S11297,2026-08-01,M0728,Adana,Elektronik,Oyuncu Mouse,1,899,899,Havale/EFT,Tamamlandı
S11297,2026-08-01,M0728,Adana,Kitap,Kişisel Gelişim Kitabı,1,229,229,Havale/EFT,Tamamlandı
S11297,2026-08-01,M0728,Adana,Ev Yaşam,Nevresim Takımı,2,1149,2298,Havale/EFT,Tamamlandı
S11298,2026-08-02,M0543,İstanbul,Elektronik,Oyuncu Kulaklığı,2,1899,3798,Kredi Kartı,Tamamlandı
S11299,2026-08-02,M0475,İzmir,Kozmetik,Parfüm,1,1599,1599,Havale/EFT,Tamamlandı
S11300,2026-08-02,M0668,Ankara,Kitap,Kişisel Gelişim Kitabı,1,229,229,Kapıda Ödeme,Tamamlandı
S11300,2026-08-02,M0668,Ankara,Kitap,Kişisel Gelişim Kitabı,3,229,687,Kapıda Ödeme,Tamamlandı
S11300,2026-08-02,M0668,Ankara,Kitap,Roman,1,189,189,Kapıda Ödeme,Tamamlandı
S11301,2026-08-02,M0177,İstanbul,Elektronik,Akıllı Saat,2,3499,6998,Banka Kartı,Tamamlandı
S11302,2026-08-02,M0422,İstanbul,Kozmetik,Nemlendirici Krem,1,399,399,Kredi Kartı,Tamamlandı
S11302,2026-08-02,M0422,İstanbul,Ev Yaşam,Masa Lambası,1,649,649,Kredi Kartı,Tamamlandı
S11303,2026-08-02,M0067,İstanbul,Elektronik,Tablet,1,8999,8999,Kredi Kartı,Tamamlandı
S11303,2026-08-02,M0067,İstanbul,Elektronik,Mekanik Klavye,1,2499,2499,Kredi Kartı,Tamamlandı
S11304,2026-08-02,M0372,İzmir,Ev Yaşam,Nevresim Takımı,1,1149,1149,Kredi Kartı,Tamamlandı
S11304,2026-08-02,M0372,İzmir,Spor,Yoga Matı,3,399,1197,Kredi Kartı,Tamamlandı
S11304,2026-08-02,M0372,İzmir,Elektronik,Oyuncu Kulaklığı,1,1899,1899,Kredi Kartı,Tamamlandı
S11305,2026-08-02,M0644,Ankara,Kitap,Çocuk Kitabı,2,149,298,Kapıda Ödeme,Tamamlandı
S11305,2026-08-02,M0644,Ankara,Ev Yaşam,Masa Lambası,1,649,649,Kapıda Ödeme,Tamamlandı
S11306,2026-08-02,M0389,Ankara,Kitap,Kişisel Gelişim Kitabı,1,229,229,Havale/EFT,Tamamlandı
S11307,2026-08-03,M0504,Konya,Kitap,Çocuk Kitabı,1,149,149,Banka Kartı,Tamamlandı
S11307,2026-08-03,M0504,Konya,Giyim,Mont,1,2299,2299,Banka Kartı,Tamamlandı
S11308,2026-08-03,M0810,Konya,Giyim,Spor Ayakkabı,2,1899,3798,Kredi Kartı,Tamamlandı
S11308,2026-08-03,M0810,Konya,Kitap,Kişisel Gelişim Kitabı,2,229,458,Kredi Kartı,Tamamlandı
S11309,2026-08-03,M0174,Ankara,Kitap,Çocuk Kitabı,1,149,149,Kredi Kartı,Tamamlandı
S11310,2026-08-03,M0171,İstanbul,Ev Yaşam,Termos,1,449,449,Kredi Kartı,Tamamlandı
S11311,2026-08-03,M0778,Bursa,Elektronik,Oyuncu Kulaklığı,3,1899,0,Banka Kartı,İade
S11312,2026-08-03,M0588,İstanbul,Giyim,Kot Pantolon,2,899,1798,Kredi Kartı,Tamamlandı
S11312,2026-08-03,M0588,İstanbul,Giyim,Kazak,2,749,1498,Kredi Kartı,Tamamlandı
S11312,2026-08-03,M0588,İstanbul,Giyim,Mont,3,2299,6897,Kredi Kartı,Tamamlandı
S11313,2026-08-03,M0566,İstanbul,Ev Yaşam,Masa Lambası,2,649,1298,Kredi Kartı,Tamamlandı
S11314,2026-08-04,M0883,Ankara,Spor,Yoga Matı,1,399,399,Kredi Kartı,Tamamlandı
S11314,2026-08-04,M0883,Ankara,Elektronik,Tablet,2,8999,17998,Kredi Kartı,Tamamlandı
S11315,2026-08-04,M0010,Bursa,Kitap,Roman,1,189,189,Banka Kartı,Tamamlandı
S11316,2026-08-04,M0472,İzmir,Kozmetik,Parfüm,1,1599,1599,Kredi Kartı,Tamamlandı
S11316,2026-08-04,M0472,İzmir,Kitap,Roman,2,189,378,Kredi Kartı,Tamamlandı
S11317,2026-08-04,M0444,Antalya,Elektronik,Akıllı Saat,1,3499,3499,Kredi Kartı,Tamamlandı
S11318,2026-08-04,M0203,Bursa,Ev Yaşam,Masa Lambası,1,649,649,Kredi Kartı,Tamamlandı
S11318,2026-08-04,M0203,Bursa,Ev Yaşam,Termos,1,449,449,Kredi Kartı,Tamamlandı
S11319,2026-08-04,M0270,İstanbul,Kozmetik,Şampuan,1,159,159,Kredi Kartı,Tamamlandı
S11319,2026-08-04,M0270,İstanbul,Giyim,Kazak,1,749,749,Kredi Kartı,Tamamlandı
S11319,2026-08-04,M0270,İstanbul,Ev Yaşam,Masa Lambası,1,649,649,Kredi Kartı,Tamamlandı
S11320,2026-08-04,M0437,İstanbul,Elektronik,Oyuncu Kulaklığı,2,1899,3798,Kredi Kartı,Tamamlandı
S11321,2026-08-05,M0506,Ankara,Spor,Yoga Matı,2,399,798,Banka Kartı,Tamamlandı
S11321,2026-08-05,M0506,Ankara,Elektronik,Tablet,1,8999,8999,Banka Kartı,Tamamlandı
S11322,2026-08-05,M0371,Bursa,Ev Yaşam,Masa Lambası,1,649,649,Banka Kartı,Tamamlandı
S11322,2026-08-05,M0371,Bursa,Spor,Yoga Matı,1,399,399,Banka Kartı,Tamamlandı
S11322,2026-08-05,M0371,Bursa,Ev Yaşam,Masa Lambası,1,649,649,Banka Kartı,Tamamlandı
S11323,2026-08-05,M0708,Ankara,Kitap,Çocuk Kitabı,4,149,596,Kredi Kartı,Tamamlandı
S11324,2026-08-05,M0476,Ankara,Giyim,Kot Pantolon,1,899,899,Kredi Kartı,Tamamlandı
S11324,2026-08-05,M0476,Ankara,Kitap,Kişisel Gelişim Kitabı,1,229,0,Kredi Kartı,İade
S11325,2026-08-05,M0811,Antalya,Kitap,Roman,1,189,189,Kapıda Ödeme,Tamamlandı
S11326,2026-08-05,M0278,Ankara,Giyim,Kazak,1,749,749,Kredi Kartı,Tamamlandı
S11327,2026-08-05,M0499,İzmir,Spor,Dambıl Seti,2,1249,2498,Kredi Kartı,Tamamlandı
S11328,2026-08-06,M0109,İstanbul,Giyim,Mont,3,2299,6897,Kredi Kartı,Tamamlandı
S11329,2026-08-06,M0427,Ankara,Giyim,Mont,1,2299,2299,Kapıda Ödeme,Tamamlandı
S11329,2026-08-06,M0427,Ankara,Ev Yaşam,Termos,1,449,449,Kapıda Ödeme,Tamamlandı
S11330,2026-08-06,M0706,Adana,Elektronik,Bluetooth Hoparlör,1,1799,1799,Kredi Kartı,Tamamlandı
S11330,2026-08-06,M0706,Adana,Giyim,Mont,3,2299,6897,Kredi Kartı,Tamamlandı
S11330,2026-08-06,M0706,Adana,Kitap,Çocuk Kitabı,2,149,298,Kredi Kartı,Tamamlandı
S11331,2026-08-06,M0592,Antalya,Kitap,Çocuk Kitabı,1,149,149,Banka Kartı,Tamamlandı
S11331,2026-08-06,M0592,Antalya,Kozmetik,Şampuan,2,159,318,Banka Kartı,Tamamlandı
S11331,2026-08-06,M0592,Antalya,Ev Yaşam,Tencere Seti,1,3299,3299,Banka Kartı,Tamamlandı
S11332,2026-08-06,M0394,Bursa,Ev Yaşam,Masa Lambası,3,649,1947,Banka Kartı,Tamamlandı
S11333,2026-08-06,M0273,İstanbul,Kozmetik,Şampuan,1,159,159,Kredi Kartı,Tamamlandı
S11334,2026-08-06,M0486,İstanbul,Spor,Dambıl Seti,1,1249,1249,Banka Kartı,Tamamlandı
S11335,2026-08-07,M0620,Adana,Elektronik,Oyuncu Kulaklığı,1,1899,1899,Kredi Kartı,Tamamlandı
S11335,2026-08-07,M0620,Adana,Elektronik,Oyuncu Kulaklığı,1,1899,1899,Kredi Kartı,Tamamlandı
S11336,2026-08-07,M0255,Antalya,Elektronik,Mekanik Klavye,1,2499,2499,Kredi Kartı,Tamamlandı
S11336,2026-08-07,M0255,Antalya,Kozmetik,Güneş Kremi,1,459,459,Kredi Kartı,Tamamlandı
S11337,2026-08-07,M0152,Ankara,Ev Yaşam,Nevresim Takımı,3,1149,3447,Kredi Kartı,Tamamlandı
S11338,2026-08-07,M0203,Bursa,Elektronik,Oyuncu Kulaklığı,1,1899,1899,Kredi Kartı,Tamamlandı
S11339,2026-08-07,M0566,Ankara,Giyim,Kot Pantolon,1,899,899,Kredi Kartı,Tamamlandı
S11339,2026-08-07,M0566,Ankara,Elektronik,Oyuncu Mouse,2,899,1798,Kredi Kartı,Tamamlandı
S11340,2026-08-08,M0332,İzmir,Elektronik,Tablet,1,8999,8999,Banka Kartı,Tamamlandı
S11340,2026-08-08,M0332,İzmir,Elektronik,Mekanik Klavye,1,2499,2499,Banka Kartı,Tamamlandı
S11341,2026-08-08,M0241,İstanbul,Elektronik,Akıllı Saat,1,3499,3499,Kredi Kartı,Tamamlandı
S11342,2026-08-08,M0064,İzmir,Elektronik,Tablet,2,8999,17998,Banka Kartı,Tamamlandı
S11343,2026-08-08,M0119,Antalya,Elektronik,Oyuncu Mouse,1,899,899,Havale/EFT,Tamamlandı
S11344,2026-08-08,M0715,İstanbul,Giyim,Kot Pantolon,3,899,2697,Kredi Kartı,Tamamlandı
S11345,2026-08-08,M0331,Ankara,Ev Yaşam,Nevresim Takımı,1,1149,1149,Banka Kartı,Tamamlandı
S11346,2026-08-08,M0425,İzmir,Elektronik,Oyuncu Mouse,1,899,899,Kredi Kartı,Tamamlandı
S11347,2026-08-08,M0596,Adana,Giyim,Kot Pantolon,1,899,899,Kredi Kartı,Tamamlandı
S11347,2026-08-08,M0596,Adana,Kozmetik,Nemlendirici Krem,1,399,399,Kredi Kartı,Tamamlandı
S11348,2026-08-08,M0855,İstanbul,Giyim,Mont,1,2299,2299,Banka Kartı,Tamamlandı
S11349,2026-08-08,M0030,Ankara,Kozmetik,Parfüm,1,1599,1599,Kapıda Ödeme,Tamamlandı
S11349,2026-08-08,M0030,Ankara,Elektronik,Oyuncu Kulaklığı,1,1899,1899,Kapıda Ödeme,Tamamlandı
S11350,2026-08-08,M0754,Bursa,Kitap,Çocuk Kitabı,1,149,149,Havale/EFT,Tamamlandı
S11350,2026-08-08,M0754,Bursa,Kozmetik,Şampuan,3,159,477,Havale/EFT,Tamamlandı
S11351,2026-08-08,M0524,İstanbul,Spor,Yoga Matı,3,399,1197,Kredi Kartı,Tamamlandı
S11351,2026-08-08,M0524,İstanbul,Giyim,Kazak,1,749,749,Kredi Kartı,Tamamlandı
S11352,2026-08-08,M0504,Ankara,Kozmetik,Güneş Kremi,1,459,459,Banka Kartı,Tamamlandı
S11352,2026-08-08,M0504,Ankara,Elektronik,Kablosuz Kulaklık,1,1299,0,Banka Kartı,İade
S11353,2026-08-08,M0281,Konya,Ev Yaşam,Kahve Makinesi,1,2199,2199,Kredi Kartı,Tamamlandı
S11354,2026-08-09,M0898,Ankara,Giyim,Kot Pantolon,1,899,899,Kredi Kartı,Tamamlandı
S11354,2026-08-09,M0898,Ankara,Ev Yaşam,Tencere Seti,4,3299,13196,Kredi Kartı,Tamamlandı
S11355,2026-08-09,M0124,Konya,Elektronik,Oyuncu Kulaklığı,1,1899,0,Banka Kartı,İade
S11355,2026-08-09,M0124,Konya,Elektronik,Mekanik Klavye,2,2499,4998,Banka Kartı,Tamamlandı
S11356,2026-08-09,M0571,İstanbul,Elektronik,Oyuncu Mouse,1,899,899,Kredi Kartı,Tamamlandı
S11357,2026-08-09,M0387,İstanbul,Giyim,Kazak,1,749,749,Kredi Kartı,Tamamlandı
S11357,2026-08-09,M0387,İstanbul,Elektronik,Tablet,1,8999,8999,Kredi Kartı,Tamamlandı
S11358,2026-08-09,M0491,İstanbul,Kitap,Roman,2,189,378,Kredi Kartı,Tamamlandı
S11358,2026-08-09,M0491,İstanbul,Kitap,Roman,1,189,189,Kredi Kartı,Tamamlandı
S11359,2026-08-09,M0573,Konya,Spor,Yoga Matı,1,399,399,Kredi Kartı,Tamamlandı
S11360,2026-08-09,M0468,Antalya,Kitap,Çocuk Kitabı,1,149,149,Kredi Kartı,Tamamlandı
S11361,2026-08-09,M0655,Ankara,Ev Yaşam,Nevresim Takımı,1,1149,1149,Kredi Kartı,Tamamlandı
S11362,2026-08-09,M0770,Adana,Kitap,Roman,1,189,189,Banka Kartı,Tamamlandı
S11363,2026-08-09,M0368,İzmir,Kozmetik,Güneş Kremi,1,459,459,Kredi Kartı,Tamamlandı
S11364,2026-08-10,M0641,İstanbul,Kozmetik,Güneş Kremi,1,459,459,Kredi Kartı,Tamamlandı
S11364,2026-08-10,M0641,İstanbul,Spor,Dambıl Seti,1,1249,1249,Kredi Kartı,Tamamlandı
S11365,2026-08-10,M0115,Trabzon,Ev Yaşam,Nevresim Takımı,1,1149,1149,Kredi Kartı,Tamamlandı
S11366,2026-08-10,M0758,İstanbul,Elektronik,Tablet,2,8999,17998,Banka Kartı,Tamamlandı
S11367,2026-08-10,M0405,İzmir,Giyim,Tişört,2,349,698,Havale/EFT,Tamamlandı
S11368,2026-08-10,M0656,İzmir,Kozmetik,Şampuan,3,159,477,Kredi Kartı,Tamamlandı
S11368,2026-08-10,M0656,İzmir,Spor,Dambıl Seti,3,1249,3747,Kredi Kartı,Tamamlandı
S11369,2026-08-10,M0314,İstanbul,Ev Yaşam,Kahve Makinesi,2,2199,0,Kredi Kartı,İade
S11369,2026-08-10,M0314,İstanbul,Elektronik,Kablosuz Kulaklık,1,1299,1299,Kredi Kartı,Tamamlandı
S11370,2026-08-10,M0074,İstanbul,Kitap,Kişisel Gelişim Kitabı,1,229,229,Kredi Kartı,Tamamlandı
S11371,2026-08-10,M0352,Ankara,Ev Yaşam,Termos,1,449,449,Kredi Kartı,Tamamlandı
S11372,2026-08-11,M0328,Ankara,Spor,Dambıl Seti,2,1249,2498,Kredi Kartı,Tamamlandı
S11373,2026-08-11,M0602,İzmir,Ev Yaşam,Kahve Makinesi,1,2199,2199,Kredi Kartı,Tamamlandı
S11373,2026-08-11,M0602,İzmir,Kitap,Kişisel Gelişim Kitabı,1,229,229,Kredi Kartı,Tamamlandı
S11373,2026-08-11,M0602,İzmir,Kozmetik,Şampuan,3,159,477,Kredi Kartı,Tamamlandı
S11374,2026-08-11,M0768,Ankara,Giyim,Tişört,2,349,698,Banka Kartı,Tamamlandı
S11375,2026-08-11,M0629,Ankara,Spor,Dambıl Seti,3,1249,3747,Kredi Kartı,Tamamlandı
S11376,2026-08-11,M0515,İstanbul,Spor,Dambıl Seti,2,1249,2498,Kredi Kartı,Tamamlandı
S11377,2026-08-11,M0121,Bursa,Giyim,Kot Pantolon,1,899,899,Kredi Kartı,Tamamlandı
S11377,2026-08-11,M0121,Bursa,Elektronik,Mekanik Klavye,2,2499,4998,Kredi Kartı,Tamamlandı
S11377,2026-08-11,M0121,Bursa,Ev Yaşam,Kahve Makinesi,2,2199,4398,Kredi Kartı,Tamamlandı
S11378,2026-08-11,M0181,Antalya,Giyim,Spor Ayakkabı,2,1899,3798,Kredi Kartı,Tamamlandı
S11379,2026-08-12,M0456,Antalya,Elektronik,Kablosuz Kulaklık,4,1299,5196,Kapıda Ödeme,Tamamlandı
S11380,2026-08-12,M0025,Ankara,Elektronik,Bluetooth Hoparlör,2,1799,3598,Kredi Kartı,Tamamlandı
S11380,2026-08-12,M0025,Ankara,Elektronik,Bluetooth Hoparlör,1,1799,1799,Kredi Kartı,Tamamlandı
S11381,2026-08-12,M0433,İstanbul,Kozmetik,Nemlendirici Krem,1,399,399,Kredi Kartı,Tamamlandı
S11381,2026-08-12,M0433,İstanbul,Kitap,Roman,1,189,189,Kredi Kartı,Tamamlandı
S11382,2026-08-12,M0192,Bursa,Giyim,Mont,1,2299,2299,Kredi Kartı,Tamamlandı
S11382,2026-08-12,M0192,Bursa,Elektronik,Akıllı Saat,1,3499,3499,Kredi Kartı,Tamamlandı
S11382,2026-08-12,M0192,Bursa,Elektronik,Kablosuz Kulaklık,2,1299,0,Kredi Kartı,İade
S11383,2026-08-12,M0062,Ankara,Giyim,Tişört,1,349,349,Kredi Kartı,Tamamlandı
S11384,2026-08-12,M0328,Konya,Elektronik,Bluetooth Hoparlör,1,1799,1799,Havale/EFT,Tamamlandı
S11384,2026-08-12,M0328,Konya,Giyim,Spor Ayakkabı,1,1899,1899,Havale/EFT,Tamamlandı
S11385,2026-08-12,M0150,Bursa,Kozmetik,Nemlendirici Krem,4,399,1596,Havale/EFT,Tamamlandı
S11386,2026-08-13,M0424,Antalya,Giyim,Kot Pantolon,1,899,899,Kredi Kartı,Tamamlandı
S11387,2026-08-13,M0800,Ankara,Giyim,Tişört,2,349,698,Kredi Kartı,Tamamlandı
S11387,2026-08-13,M0800,Ankara,Kitap,Kişisel Gelişim Kitabı,3,229,687,Kredi Kartı,Tamamlandı
S11388,2026-08-13,M0417,İzmir,Ev Yaşam,Nevresim Takımı,2,1149,2298,Havale/EFT,Tamamlandı
S11389,2026-08-13,M0032,Ankara,Kozmetik,Güneş Kremi,1,459,459,Banka Kartı,Tamamlandı
S11389,2026-08-13,M0032,Ankara,Giyim,Spor Ayakkabı,4,1899,7596,Banka Kartı,Tamamlandı
S11390,2026-08-13,M0857,İzmir,Kitap,Kişisel Gelişim Kitabı,1,229,229,Kredi Kartı,Tamamlandı
S11391,2026-08-13,M0705,İzmir,Ev Yaşam,Masa Lambası,1,649,649,Banka Kartı,Tamamlandı
S11391,2026-08-13,M0705,İzmir,Kozmetik,Güneş Kremi,1,459,459,Banka Kartı,Tamamlandı
S11392,2026-08-13,M0065,İstanbul,Giyim,Tişört,1,349,349,Kredi Kartı,Tamamlandı
S11393,2026-08-13,M0246,İzmir,Spor,Dambıl Seti,1,1249,1249,Kredi Kartı,Tamamlandı
S11394,2026-08-14,M0435,Bursa,Spor,Dambıl Seti,2,1249,2498,Kredi Kartı,Tamamlandı
S11394,2026-08-14,M0435,Bursa,Kozmetik,Şampuan,1,159,159,Kredi Kartı,Tamamlandı
S11395,2026-08-14,M0474,İzmir,Kitap,Kişisel Gelişim Kitabı,1,229,229,Kredi Kartı,Tamamlandı
S11395,2026-08-14,M0474,İzmir,Spor,Yoga Matı,2,399,798,Kredi Kartı,Tamamlandı
S11396,2026-08-14,M0252,Ankara,Ev Yaşam,Nevresim Takımı,1,1149,1149,Banka Kartı,Tamamlandı
S11396,2026-08-14,M0252,Ankara,Elektronik,Akıllı Saat,1,3499,3499,Banka Kartı,Tamamlandı
S11396,2026-08-14,M0252,Ankara,Elektronik,Tablet,1,8999,8999,Banka Kartı,Tamamlandı
S11397,2026-08-14,M0564,İzmir,Elektronik,Kablosuz Kulaklık,1,1299,1299,Kredi Kartı,Tamamlandı
S11398,2026-08-14,M0610,İstanbul,Elektronik,Kablosuz Kulaklık,2,1299,2598,Kredi Kartı,Tamamlandı
S11399,2026-08-14,M0043,Adana,Giyim,Spor Ayakkabı,3,1899,5697,Kredi Kartı,Tamamlandı
S11400,2026-08-14,M0210,İstanbul,Elektronik,Oyuncu Kulaklığı,2,1899,3798,Banka Kartı,Tamamlandı
S11401,2026-08-14,M0247,İstanbul,Giyim,Tişört,2,349,698,Banka Kartı,Tamamlandı
S11402,2026-08-14,M0567,İzmir,Kitap,Kişisel Gelişim Kitabı,1,229,0,Havale/EFT,İade
S11403,2026-08-15,M0629,Trabzon,Elektronik,Tablet,1,8999,8999,Kredi Kartı,Tamamlandı
S11404,2026-08-15,M0170,Adana,Elektronik,Oyuncu Mouse,1,899,899,Kapıda Ödeme,Tamamlandı
S11405,2026-08-15,M0870,Ankara,Elektronik,Oyuncu Mouse,1,899,899,Kredi Kartı,Tamamlandı
S11406,2026-08-15,M0394,Adana,Kozmetik,Parfüm,2,1599,3198,Havale/EFT,Tamamlandı
S11407,2026-08-15,M0897,İzmir,Kozmetik,Güneş Kremi,1,459,459,Kredi Kartı,Tamamlandı
S11408,2026-08-15,M0721,İstanbul,Elektronik,Akıllı Saat,1,3499,3499,Havale/EFT,Tamamlandı
S11408,2026-08-15,M0721,İstanbul,Giyim,Spor Ayakkabı,3,1899,5697,Havale/EFT,Tamamlandı
S11409,2026-08-15,M0899,Ankara,Giyim,Spor Ayakkabı,1,1899,1899,Kredi Kartı,Tamamlandı
S11409,2026-08-15,M0899,Ankara,Giyim,Mont,1,2299,2299,Kredi Kartı,Tamamlandı
S11409,2026-08-15,M0899,Ankara,Kozmetik,Güneş Kremi,1,459,459,Kredi Kartı,Tamamlandı
S11410,2026-08-15,M0235,İstanbul,Elektronik,Mekanik Klavye,1,2499,2499,Kapıda Ödeme,Tamamlandı
S11411,2026-08-15,M0544,Antalya,Giyim,Spor Ayakkabı,1,1899,1899,Havale/EFT,Tamamlandı
S11411,2026-08-15,M0544,Antalya,Elektronik,Oyuncu Mouse,1,899,899,Havale/EFT,Tamamlandı
S11411,2026-08-15,M0544,Antalya,Kitap,Kişisel Gelişim Kitabı,1,229,229,Havale/EFT,Tamamlandı
S11412,2026-08-15,M0286,Adana,Elektronik,Kablosuz Kulaklık,3,1299,3897,Kredi Kartı,Tamamlandı
S11413,2026-08-15,M0587,İzmir,Kitap,Roman,1,189,189,Havale/EFT,Tamamlandı
S11413,2026-08-15,M0587,İzmir,Kitap,Roman,2,189,378,Havale/EFT,Tamamlandı
S11413,2026-08-15,M0587,İzmir,Kozmetik,Parfüm,1,1599,1599,Havale/EFT,Tamamlandı
S11414,2026-08-16,M0184,İzmir,Giyim,Kot Pantolon,1,899,899,Havale/EFT,Tamamlandı
S11415,2026-08-16,M0806,İstanbul,Ev Yaşam,Kahve Makinesi,1,2199,2199,Havale/EFT,Tamamlandı
S11415,2026-08-16,M0806,İstanbul,Elektronik,Kablosuz Kulaklık,1,1299,1299,Havale/EFT,Tamamlandı
S11416,2026-08-16,M0883,İzmir,Ev Yaşam,Termos,2,449,898,Kredi Kartı,Tamamlandı
S11416,2026-08-16,M0883,İzmir,Elektronik,Oyuncu Mouse,1,899,899,Kredi Kartı,Tamamlandı
S11417,2026-08-16,M0140,İstanbul,Kozmetik,Nemlendirici Krem,1,399,399,Kredi Kartı,Tamamlandı
S11417,2026-08-16,M0140,İstanbul,Ev Yaşam,Tencere Seti,3,3299,9897,Kredi Kartı,Tamamlandı
S11418,2026-08-16,M0621,İzmir,Giyim,Kazak,1,749,749,Havale/EFT,Tamamlandı
S11419,2026-08-16,M0130,Antalya,Giyim,Mont,1,2299,2299,Kredi Kartı,Tamamlandı
S11420,2026-08-16,M0385,İstanbul,Kozmetik,Parfüm,2,1599,3198,Kredi Kartı,Tamamlandı
S11421,2026-08-16,M0461,Adana,Kozmetik,Nemlendirici Krem,1,399,0,Havale/EFT,İade
S11421,2026-08-16,M0461,Adana,Giyim,Tişört,1,349,349,Havale/EFT,Tamamlandı
S11422,2026-08-16,M0477,Ankara,Kitap,Roman,1,189,189,Kredi Kartı,Tamamlandı
S11423,2026-08-16,M0104,İstanbul,Giyim,Spor Ayakkabı,1,1899,1899,Kredi Kartı,Tamamlandı
S11424,2026-08-16,M0364,Antalya,Kitap,Çocuk Kitabı,1,149,149,Banka Kartı,Tamamlandı
S11425,2026-08-17,M0012,Trabzon,Giyim,Kot Pantolon,1,899,899,Kredi Kartı,Tamamlandı
S11425,2026-08-17,M0012,Trabzon,Elektronik,Akıllı Saat,2,3499,6998,Kredi Kartı,Tamamlandı
S11426,2026-08-17,M0637,İstanbul,Ev Yaşam,Tencere Seti,2,3299,6598,Kredi Kartı,Tamamlandı
S11426,2026-08-17,M0637,İstanbul,Ev Yaşam,Masa Lambası,1,649,649,Kredi Kartı,Tamamlandı
S11427,2026-08-17,M0519,İstanbul,Giyim,Spor Ayakkabı,1,1899,1899,Kapıda Ödeme,Tamamlandı
S11427,2026-08-17,M0519,İstanbul,Giyim,Kot Pantolon,3,899,2697,Kapıda Ödeme,Tamamlandı
S11427,2026-08-17,M0519,İstanbul,Giyim,Mont,1,2299,2299,Kapıda Ödeme,Tamamlandı
S11428,2026-08-17,M0137,İstanbul,Spor,Yoga Matı,1,399,399,Banka Kartı,Tamamlandı
S11429,2026-08-17,M0216,İstanbul,Giyim,Tişört,1,349,349,Kredi Kartı,Tamamlandı
S11429,2026-08-17,M0216,İstanbul,Kitap,Çocuk Kitabı,1,149,149,Kredi Kartı,Tamamlandı
S11430,2026-08-17,M0471,Antalya,Giyim,Tişört,3,349,1047,Kredi Kartı,Tamamlandı
S11430,2026-08-17,M0471,Antalya,Ev Yaşam,Tencere Seti,2,3299,6598,Kredi Kartı,Tamamlandı
S11431,2026-08-18,M0335,İzmir,Ev Yaşam,Masa Lambası,2,649,1298,Banka Kartı,Tamamlandı
S11431,2026-08-18,M0335,İzmir,Giyim,Kazak,1,749,749,Banka Kartı,Tamamlandı
S11432,2026-08-18,M0522,İstanbul,Elektronik,Oyuncu Mouse,2,899,1798,Kapıda Ödeme,Tamamlandı
S11432,2026-08-18,M0522,İstanbul,Spor,Dambıl Seti,2,1249,2498,Kapıda Ödeme,Tamamlandı
S11432,2026-08-18,M0522,İstanbul,Kitap,Kişisel Gelişim Kitabı,1,229,229,Kapıda Ödeme,Tamamlandı
S11433,2026-08-18,M0556,Ankara,Ev Yaşam,Nevresim Takımı,1,1149,1149,Kredi Kartı,Tamamlandı
S11434,2026-08-18,M0679,İstanbul,Ev Yaşam,Tencere Seti,1,3299,3299,Kredi Kartı,Tamamlandı
S11434,2026-08-18,M0679,İstanbul,Elektronik,Oyuncu Kulaklığı,1,1899,1899,Kredi Kartı,Tamamlandı
S11435,2026-08-18,M0504,Konya,Giyim,Mont,1,2299,2299,Kredi Kartı,Tamamlandı
S11436,2026-08-18,M0345,İstanbul,Elektronik,Kablosuz Kulaklık,2,1299,0,Kredi Kartı,İade
S11437,2026-08-18,M0554,Ankara,Spor,Dambıl Seti,1,1249,1249,Havale/EFT,Tamamlandı
S11437,2026-08-18,M0554,Ankara,Ev Yaşam,Kahve Makinesi,1,2199,2199,Havale/EFT,Tamamlandı
S11437,2026-08-18,M0554,Ankara,Kozmetik,Güneş Kremi,2,459,918,Havale/EFT,Tamamlandı
S11438,2026-08-18,M0090,İstanbul,Elektronik,Oyuncu Mouse,4,899,3596,Havale/EFT,Tamamlandı
S11439,2026-08-18,M0842,Konya,Spor,Dambıl Seti,1,1249,1249,Havale/EFT,Tamamlandı
S11439,2026-08-18,M0842,Konya,Spor,Yoga Matı,1,399,399,Havale/EFT,Tamamlandı
S11440,2026-08-19,M0162,İzmir,Ev Yaşam,Masa Lambası,1,649,649,Banka Kartı,Tamamlandı
S11441,2026-08-19,M0681,İstanbul,Kitap,Roman,2,189,378,Kredi Kartı,Tamamlandı
S11442,2026-08-19,M0429,Antalya,Giyim,Mont,1,2299,2299,Kredi Kartı,Tamamlandı
S11442,2026-08-19,M0429,Antalya,Elektronik,Kablosuz Kulaklık,1,1299,1299,Kredi Kartı,Tamamlandı
S11442,2026-08-19,M0429,Antalya,Elektronik,Bluetooth Hoparlör,1,1799,1799,Kredi Kartı,Tamamlandı
S11443,2026-08-19,M0789,İstanbul,Ev Yaşam,Termos,3,449,1347,Kredi Kartı,Tamamlandı
S11444,2026-08-20,M0688,İzmir,Elektronik,Bluetooth Hoparlör,1,1799,1799,Banka Kartı,Tamamlandı
S11444,2026-08-20,M0688,İzmir,Elektronik,Kablosuz Kulaklık,1,1299,1299,Banka Kartı,Tamamlandı
S11444,2026-08-20,M0688,İzmir,Giyim,Kot Pantolon,1,899,899,Banka Kartı,Tamamlandı
S11445,2026-08-20,M0408,Antalya,Spor,Dambıl Seti,2,1249,2498,Havale/EFT,Tamamlandı
S11446,2026-08-20,M0770,İzmir,Spor,Koşu Bandı,1,18999,18999,Banka Kartı,Tamamlandı
S11447,2026-08-20,M0343,İstanbul,Ev Yaşam,Tencere Seti,3,3299,9897,Havale/EFT,Tamamlandı
S11448,2026-08-20,M0428,İstanbul,Giyim,Spor Ayakkabı,1,1899,1899,Kredi Kartı,Tamamlandı
S11449,2026-08-20,M0791,Antalya,Giyim,Spor Ayakkabı,2,1899,3798,Kredi Kartı,Tamamlandı
S11450,2026-08-20,M0544,Ankara,Kitap,Roman,2,189,378,Kredi Kartı,Tamamlandı
S11451,2026-08-20,M0041,Ankara,Ev Yaşam,Masa Lambası,1,649,649,Banka Kartı,Tamamlandı
S11452,2026-08-21,M0811,İstanbul,Ev Yaşam,Tencere Seti,1,3299,3299,Havale/EFT,Tamamlandı
S11453,2026-08-21,M0855,İzmir,Kozmetik,Parfüm,1,1599,1599,Kredi Kartı,Tamamlandı
S11454,2026-08-21,M0261,Ankara,Giyim,Kazak,1,749,0,Kredi Kartı,İade
S11455,2026-08-21,M0049,Konya,Spor,Dambıl Seti,1,1249,1249,Havale/EFT,Tamamlandı
S11456,2026-08-21,M0751,Antalya,Ev Yaşam,Kahve Makinesi,4,2199,8796,Banka Kartı,Tamamlandı
S11457,2026-08-22,M0678,İzmir,Kitap,Kişisel Gelişim Kitabı,2,229,458,Havale/EFT,Tamamlandı
S11457,2026-08-22,M0678,İzmir,Kozmetik,Parfüm,1,1599,1599,Havale/EFT,Tamamlandı
S11458,2026-08-22,M0252,Konya,Kozmetik,Nemlendirici Krem,2,399,798,Kredi Kartı,Tamamlandı
S11459,2026-08-22,M0426,İstanbul,Giyim,Spor Ayakkabı,1,1899,1899,Kredi Kartı,Tamamlandı
S11459,2026-08-22,M0426,İstanbul,Kozmetik,Şampuan,1,159,159,Kredi Kartı,Tamamlandı
S11460,2026-08-22,M0125,Adana,Kozmetik,Güneş Kremi,3,459,1377,Kredi Kartı,Tamamlandı
S11461,2026-08-22,M0117,Antalya,Spor,Dambıl Seti,1,1249,1249,Kredi Kartı,Tamamlandı
S11462,2026-08-22,M0630,İstanbul,Giyim,Mont,1,2299,2299,Kredi Kartı,Tamamlandı
S11462,2026-08-22,M0630,İstanbul,Kozmetik,Güneş Kremi,2,459,918,Kredi Kartı,Tamamlandı
S11463,2026-08-22,M0785,İstanbul,Elektronik,Tablet,1,8999,8999,Kredi Kartı,Tamamlandı
S11464,2026-08-22,M0776,İzmir,Spor,Yoga Matı,2,399,798,Kredi Kartı,Tamamlandı
S11464,2026-08-22,M0776,İzmir,Giyim,Kot Pantolon,2,899,1798,Kredi Kartı,Tamamlandı
S11465,2026-08-22,M0601,Bursa,Giyim,Spor Ayakkabı,3,1899,5697,Kredi Kartı,Tamamlandı
S11465,2026-08-22,M0601,Bursa,Kozmetik,Nemlendirici Krem,2,399,798,Kredi Kartı,Tamamlandı
S11465,2026-08-22,M0601,Bursa,Elektronik,Bluetooth Hoparlör,1,1799,1799,Kredi Kartı,Tamamlandı
S11466,2026-08-22,M0681,Konya,Spor,Koşu Bandı,2,18999,37998,Banka Kartı,Tamamlandı
S11467,2026-08-22,M0864,İstanbul,Ev Yaşam,Termos,1,449,449,Kredi Kartı,Tamamlandı
S11467,2026-08-22,M0864,İstanbul,Kozmetik,Parfüm,2,1599,3198,Kredi Kartı,Tamamlandı
S11468,2026-08-23,M0550,Antalya,Elektronik,Akıllı Saat,4,3499,13996,Kredi Kartı,Tamamlandı
S11468,2026-08-23,M0550,Antalya,Giyim,Mont,1,2299,2299,Kredi Kartı,Tamamlandı
S11469,2026-08-23,M0422,Trabzon,Ev Yaşam,Masa Lambası,1,649,649,Kapıda Ödeme,Tamamlandı
S11470,2026-08-23,M0292,İstanbul,Kitap,Kişisel Gelişim Kitabı,2,229,458,Banka Kartı,Tamamlandı
S11470,2026-08-23,M0292,İstanbul,Elektronik,Mekanik Klavye,1,2499,2499,Banka Kartı,Tamamlandı
S11471,2026-08-23,M0188,İzmir,Elektronik,Akıllı Saat,2,3499,6998,Banka Kartı,Tamamlandı
S11472,2026-08-23,M0880,İstanbul,Kitap,Kişisel Gelişim Kitabı,3,229,687,Banka Kartı,Tamamlandı
S11472,2026-08-23,M0880,İstanbul,Elektronik,Akıllı Saat,3,3499,10497,Banka Kartı,Tamamlandı
S11472,2026-08-23,M0880,İstanbul,Kitap,Roman,1,189,189,Banka Kartı,Tamamlandı
S11473,2026-08-23,M0141,İstanbul,Elektronik,Bluetooth Hoparlör,1,1799,1799,Kapıda Ödeme,Tamamlandı
S11474,2026-08-23,M0555,İstanbul,Kitap,Roman,1,189,189,Kredi Kartı,Tamamlandı
S11474,2026-08-23,M0555,İstanbul,Kitap,Çocuk Kitabı,1,149,149,Kredi Kartı,Tamamlandı
S11474,2026-08-23,M0555,İstanbul,Ev Yaşam,Masa Lambası,1,649,649,Kredi Kartı,Tamamlandı
S11475,2026-08-23,M0842,Adana,Elektronik,Bluetooth Hoparlör,1,1799,1799,Kredi Kartı,Tamamlandı
S11475,2026-08-23,M0842,Adana,Kozmetik,Parfüm,1,1599,1599,Kredi Kartı,Tamamlandı
S11475,2026-08-23,M0842,Adana,Elektronik,Oyuncu Mouse,1,899,899,Kredi Kartı,Tamamlandı
S11476,2026-08-23,M0353,İstanbul,Ev Yaşam,Nevresim Takımı,1,1149,1149,Kapıda Ödeme,Tamamlandı
S11477,2026-08-24,M0724,Ankara,Kitap,Kişisel Gelişim Kitabı,1,229,229,Banka Kartı,Tamamlandı
S11478,2026-08-24,M0132,İzmir,Kitap,Roman,2,189,378,Havale/EFT,Tamamlandı
S11479,2026-08-24,M0256,Bursa,Elektronik,Mekanik Klavye,3,2499,7497,Banka Kartı,Tamamlandı
S11479,2026-08-24,M0256,Bursa,Kozmetik,Şampuan,2,159,0,Banka Kartı,İade
S11480,2026-08-24,M0110,Ankara,Kozmetik,Parfüm,1,1599,1599,Kredi Kartı,Tamamlandı
S11481,2026-08-24,M0388,Bursa,Elektronik,Oyuncu Mouse,1,899,899,Banka Kartı,Tamamlandı
S11482,2026-08-24,M0891,Bursa,Ev Yaşam,Nevresim Takımı,1,1149,0,Kapıda Ödeme,İade
S11483,2026-08-25,M0854,İstanbul,Giyim,Kazak,1,749,749,Kredi Kartı,Tamamlandı
S11484,2026-08-25,M0437,Antalya,Elektronik,Bluetooth Hoparlör,1,1799,1799,Kredi Kartı,Tamamlandı
S11484,2026-08-25,M0437,Antalya,Elektronik,Oyuncu Kulaklığı,2,1899,3798,Kredi Kartı,Tamamlandı
S11485,2026-08-25,M0277,İstanbul,Elektronik,Mekanik Klavye,1,2499,2499,Kredi Kartı,Tamamlandı
S11485,2026-08-25,M0277,İstanbul,Kitap,Kişisel Gelişim Kitabı,3,229,687,Kredi Kartı,Tamamlandı
S11485,2026-08-25,M0277,İstanbul,Kozmetik,Şampuan,2,159,318,Kredi Kartı,Tamamlandı
S11486,2026-08-25,M0675,İzmir,Elektronik,Oyuncu Kulaklığı,1,1899,1899,Kredi Kartı,Tamamlandı
S11487,2026-08-25,M0259,Antalya,Ev Yaşam,Masa Lambası,2,649,1298,Havale/EFT,Tamamlandı
S11487,2026-08-25,M0259,Antalya,Elektronik,Bluetooth Hoparlör,1,1799,1799,Havale/EFT,Tamamlandı
S11488,2026-08-25,M0021,İstanbul,Ev Yaşam,Kahve Makinesi,1,2199,2199,Banka Kartı,Tamamlandı
S11489,2026-08-25,M0314,Bursa,Giyim,Kot Pantolon,1,899,899,Kredi Kartı,Tamamlandı
S11489,2026-08-25,M0314,Bursa,Ev Yaşam,Termos,1,449,449,Kredi Kartı,Tamamlandı
S11490,2026-08-26,M0201,Adana,Giyim,Spor Ayakkabı,1,1899,1899,Kredi Kartı,Tamamlandı
S11490,2026-08-26,M0201,Adana,Giyim,Tişört,2,349,698,Kredi Kartı,Tamamlandı
S11491,2026-08-26,M0141,İstanbul,Giyim,Kazak,1,749,749,Havale/EFT,Tamamlandı
S11492,2026-08-26,M0562,Ankara,Giyim,Kot Pantolon,1,899,899,Kredi Kartı,Tamamlandı
S11492,2026-08-26,M0562,Ankara,Giyim,Kazak,2,749,1498,Kredi Kartı,Tamamlandı
S11493,2026-08-26,M0215,İstanbul,Elektronik,Mekanik Klavye,1,2499,2499,Kapıda Ödeme,Tamamlandı
S11493,2026-08-26,M0215,İstanbul,Kitap,Roman,1,189,189,Kapıda Ödeme,Tamamlandı
S11494,2026-08-26,M0172,Bursa,Spor,Dambıl Seti,1,1249,1249,Banka Kartı,Tamamlandı
S11495,2026-08-26,M0339,İstanbul,Ev Yaşam,Kahve Makinesi,2,2199,4398,Kredi Kartı,Tamamlandı
S11496,2026-08-26,M0772,Ankara,Elektronik,Oyuncu Mouse,1,899,899,Banka Kartı,Tamamlandı
S11497,2026-08-27,M0756,İstanbul,Elektronik,Akıllı Saat,1,3499,3499,Kredi Kartı,Tamamlandı
S11497,2026-08-27,M0756,İstanbul,Kozmetik,Parfüm,2,1599,3198,Kredi Kartı,Tamamlandı
S11498,2026-08-27,M0376,İzmir,Kozmetik,Parfüm,1,1599,1599,Havale/EFT,Tamamlandı
S11499,2026-08-27,M0486,Ankara,Elektronik,Tablet,1,8999,8999,Kredi Kartı,Tamamlandı
S11500,2026-08-27,M0162,İstanbul,Giyim,Kazak,1,749,749,Kredi Kartı,Tamamlandı
S11501,2026-08-27,M0569,Adana,Ev Yaşam,Tencere Seti,1,3299,3299,Kredi Kartı,Tamamlandı
S11501,2026-08-27,M0569,Adana,Ev Yaşam,Tencere Seti,1,3299,3299,Kredi Kartı,Tamamlandı
S11501,2026-08-27,M0569,Adana,Elektronik,Bluetooth Hoparlör,1,1799,1799,Kredi Kartı,Tamamlandı
S11502,2026-08-27,M0456,İstanbul,Kozmetik,Güneş Kremi,1,459,459,Kredi Kartı,Tamamlandı
S11503,2026-08-27,M0385,Antalya,Ev Yaşam,Masa Lambası,1,649,649,Kredi Kartı,Tamamlandı
S11504,2026-08-27,M0755,Bursa,Ev Yaşam,Tencere Seti,1,3299,3299,Kapıda Ödeme,Tamamlandı
S11505,2026-08-28,M0139,İstanbul,Spor,Yoga Matı,1,399,399,Kredi Kartı,Tamamlandı
S11505,2026-08-28,M0139,İstanbul,Ev Yaşam,Kahve Makinesi,1,2199,2199,Kredi Kartı,Tamamlandı
S11506,2026-08-28,M0538,İzmir,Elektronik,Mekanik Klavye,1,2499,2499,Kredi Kartı,Tamamlandı
S11507,2026-08-28,M0211,İstanbul,Elektronik,Mekanik Klavye,1,2499,2499,Havale/EFT,Tamamlandı
S11507,2026-08-28,M0211,İstanbul,Kozmetik,Parfüm,2,1599,3198,Havale/EFT,Tamamlandı
S11508,2026-08-28,M0698,İstanbul,Kozmetik,Güneş Kremi,2,459,918,Havale/EFT,Tamamlandı
S11509,2026-08-28,M0884,Antalya,Kozmetik,Güneş Kremi,1,459,459,Kredi Kartı,Tamamlandı
S11510,2026-08-28,M0195,Ankara,Kitap,Kişisel Gelişim Kitabı,1,229,229,Havale/EFT,Tamamlandı
S11511,2026-08-28,M0620,İstanbul,Giyim,Kot Pantolon,3,899,2697,Kredi Kartı,Tamamlandı
S11512,2026-08-28,M0771,İstanbul,Elektronik,Oyuncu Mouse,1,899,899,Kredi Kartı,Tamamlandı
S11513,2026-08-29,M0155,İstanbul,Spor,Yoga Matı,1,399,399,Havale/EFT,Tamamlandı
S11514,2026-08-29,M0479,İstanbul,Giyim,Mont,1,2299,2299,Banka Kartı,Tamamlandı
S11515,2026-08-29,M0371,Bursa,Giyim,Kot Pantolon,1,899,899,Kredi Kartı,Tamamlandı
S11516,2026-08-29,M0524,İstanbul,Giyim,Kazak,2,749,1498,Kredi Kartı,Tamamlandı
S11516,2026-08-29,M0524,İstanbul,Elektronik,Tablet,2,8999,17998,Kredi Kartı,Tamamlandı
S11517,2026-08-29,M0213,İstanbul,Ev Yaşam,Nevresim Takımı,4,1149,4596,Banka Kartı,Tamamlandı
S11517,2026-08-29,M0213,İstanbul,Kozmetik,Güneş Kremi,2,459,918,Banka Kartı,Tamamlandı
S11518,2026-08-29,M0129,İstanbul,Elektronik,Akıllı Saat,2,3499,6998,Kredi Kartı,Tamamlandı
S11519,2026-08-29,M0570,Konya,Kozmetik,Güneş Kremi,2,459,918,Banka Kartı,Tamamlandı
S11520,2026-08-30,M0486,Ankara,Giyim,Spor Ayakkabı,1,1899,1899,Kapıda Ödeme,Tamamlandı
S11521,2026-08-30,M0275,İstanbul,Giyim,Spor Ayakkabı,2,1899,3798,Banka Kartı,Tamamlandı
S11522,2026-08-30,M0661,Bursa,Elektronik,Mekanik Klavye,1,2499,2499,Banka Kartı,Tamamlandı
S11523,2026-08-30,M0378,Bursa,Elektronik,Oyuncu Kulaklığı,1,1899,1899,Havale/EFT,Tamamlandı
S11524,2026-08-30,M0042,Antalya,Giyim,Mont,2,2299,4598,Kredi Kartı,Tamamlandı
S11524,2026-08-30,M0042,Antalya,Spor,Yoga Matı,1,399,399,Kredi Kartı,Tamamlandı
S11524,2026-08-30,M0042,Antalya,Kozmetik,Nemlendirici Krem,2,399,798,Kredi Kartı,Tamamlandı
S11525,2026-08-30,M0887,Konya,Giyim,Tişört,1,349,349,Kredi Kartı,Tamamlandı
S11526,2026-08-30,M0590,Konya,Elektronik,Mekanik Klavye,1,2499,2499,Kredi Kartı,Tamamlandı
S11526,2026-08-30,M0590,Konya,Kozmetik,Şampuan,2,159,318,Kredi Kartı,Tamamlandı
S11526,2026-08-30,M0590,Konya,Kozmetik,Parfüm,1,1599,1599,Kredi Kartı,Tamamlandı
S11527,2026-08-30,M0690,Bursa,Elektronik,Tablet,1,8999,8999,Kredi Kartı,Tamamlandı
S11527,2026-08-30,M0690,Bursa,Elektronik,Tablet,1,8999,8999,Kredi Kartı,Tamamlandı
S11528,2026-08-30,M0264,İzmir,Kozmetik,Güneş Kremi,2,459,918,Havale/EFT,Tamamlandı
S11529,2026-08-30,M0729,İzmir,Spor,Dambıl Seti,1,1249,1249,Kredi Kartı,Tamamlandı
S11529,2026-08-30,M0729,İzmir,Ev Yaşam,Masa Lambası,1,649,649,Kredi Kartı,Tamamlandı
S11530,2026-08-31,M0232,İstanbul,Elektronik,Kablosuz Kulaklık,2,1299,2598,Kredi Kartı,Tamamlandı
S11531,2026-08-31,M0509,Antalya,Ev Yaşam,Termos,1,449,449,Kredi Kartı,Tamamlandı
S11532,2026-08-31,M0885,İzmir,Elektronik,Kablosuz Kulaklık,2,1299,2598,Kredi Kartı,Tamamlandı
S11532,2026-08-31,M0885,İzmir,Giyim,Tişört,1,349,349,Kredi Kartı,Tamamlandı
S11532,2026-08-31,M0885,İzmir,Ev Yaşam,Kahve Makinesi,2,2199,4398,Kredi Kartı,Tamamlandı
S11533,2026-08-31,M0653,Bursa,Kitap,Roman,2,189,378,Kredi Kartı,Tamamlandı
S11534,2026-08-31,M0004,Adana,Kozmetik,Nemlendirici Krem,3,399,1197,Banka Kartı,Tamamlandı
S11535,2026-08-31,M0619,İstanbul,Kozmetik,Nemlendirici Krem,1,399,399,Kredi Kartı,Tamamlandı
S11536,2026-09-01,M0407,İzmir,Elektronik,Oyuncu Kulaklığı,1,1899,1899,Kredi Kartı,Tamamlandı
S11537,2026-09-01,M0162,Konya,Elektronik,Bluetooth Hoparlör,1,1799,1799,Banka Kartı,Tamamlandı
S11538,2026-09-01,M0095,İstanbul,Kozmetik,Parfüm,1,1599,1599,Kredi Kartı,Tamamlandı
S11538,2026-09-01,M0095,İstanbul,Elektronik,Akıllı Saat,1,3499,3499,Kredi Kartı,Tamamlandı
S11539,2026-09-01,M0244,Ankara,Spor,Yoga Matı,2,399,798,Kredi Kartı,Tamamlandı
S11540,2026-09-01,M0132,Ankara,Kitap,Çocuk Kitabı,1,149,149,Havale/EFT,Tamamlandı
S11540,2026-09-01,M0132,Ankara,Giyim,Mont,1,2299,2299,Havale/EFT,Tamamlandı
S11540,2026-09-01,M0132,Ankara,Kozmetik,Nemlendirici Krem,2,399,798,Havale/EFT,Tamamlandı
S11541,2026-09-01,M0764,İstanbul,Giyim,Mont,1,2299,2299,Kapıda Ödeme,Tamamlandı
S11541,2026-09-01,M0764,İstanbul,Ev Yaşam,Termos,1,449,449,Kapıda Ödeme,Tamamlandı
S11542,2026-09-01,M0497,Ankara,Kozmetik,Güneş Kremi,2,459,918,Banka Kartı,Tamamlandı
S11542,2026-09-01,M0497,Ankara,Kitap,Roman,1,189,189,Banka Kartı,Tamamlandı
S11542,2026-09-01,M0497,Ankara,Spor,Koşu Bandı,2,18999,37998,Banka Kartı,Tamamlandı
S11543,2026-09-01,M0244,Ankara,Kitap,Roman,1,189,189,Banka Kartı,Tamamlandı
S11544,2026-09-02,M0055,İstanbul,Elektronik,Tablet,1,8999,8999,Kredi Kartı,Tamamlandı
S11544,2026-09-02,M0055,İstanbul,Ev Yaşam,Kahve Makinesi,1,2199,2199,Kredi Kartı,Tamamlandı
S11545,2026-09-02,M0017,Bursa,Spor,Yoga Matı,1,399,399,Kredi Kartı,Tamamlandı
S11546,2026-09-02,M0641,Ankara,Kitap,Kişisel Gelişim Kitabı,2,229,458,Banka Kartı,Tamamlandı
S11546,2026-09-02,M0641,Ankara,Kozmetik,Şampuan,2,159,318,Banka Kartı,Tamamlandı
S11547,2026-09-02,M0875,Ankara,Ev Yaşam,Nevresim Takımı,1,1149,1149,Havale/EFT,Tamamlandı
S11548,2026-09-02,M0255,İstanbul,Kozmetik,Güneş Kremi,1,459,459,Banka Kartı,Tamamlandı
S11549,2026-09-02,M0878,İstanbul,Elektronik,Tablet,2,8999,17998,Kredi Kartı,Tamamlandı
S11550,2026-09-03,M0145,Antalya,Kitap,Roman,2,189,0,Kredi Kartı,İade
S11551,2026-09-03,M0572,Ankara,Kozmetik,Güneş Kremi,1,459,459,Kredi Kartı,Tamamlandı
S11552,2026-09-03,M0768,İstanbul,Giyim,Spor Ayakkabı,1,1899,1899,Banka Kartı,Tamamlandı
S11552,2026-09-03,M0768,İstanbul,Kitap,Kişisel Gelişim Kitabı,3,229,687,Banka Kartı,Tamamlandı
S11552,2026-09-03,M0768,İstanbul,Kozmetik,Şampuan,1,159,159,Banka Kartı,Tamamlandı
S11553,2026-09-03,M0292,Antalya,Kitap,Roman,1,189,189,Havale/EFT,Tamamlandı
S11553,2026-09-03,M0292,Antalya,Kozmetik,Nemlendirici Krem,1,399,399,Havale/EFT,Tamamlandı
S11553,2026-09-03,M0292,Antalya,Elektronik,Oyuncu Mouse,1,899,899,Havale/EFT,Tamamlandı
S11554,2026-09-03,M0445,Bursa,Ev Yaşam,Nevresim Takımı,2,1149,2298,Kredi Kartı,Tamamlandı
S11555,2026-09-03,M0222,İstanbul,Kozmetik,Şampuan,1,159,159,Kredi Kartı,Tamamlandı
S11556,2026-09-03,M0542,İstanbul,Elektronik,Tablet,2,8999,17998,Kredi Kartı,Tamamlandı
S11556,2026-09-03,M0542,İstanbul,Elektronik,Oyuncu Mouse,2,899,1798,Kredi Kartı,Tamamlandı
S11556,2026-09-03,M0542,İstanbul,Giyim,Kazak,2,749,1498,Kredi Kartı,Tamamlandı
S11557,2026-09-03,M0169,Ankara,Spor,Yoga Matı,1,399,399,Kredi Kartı,Tamamlandı
S11558,2026-09-03,M0065,Trabzon,Giyim,Mont,1,2299,2299,Kredi Kartı,Tamamlandı
S11558,2026-09-03,M0065,Trabzon,Kozmetik,Güneş Kremi,2,459,918,Kredi Kartı,Tamamlandı
S11558,2026-09-03,M0065,Trabzon,Kitap,Kişisel Gelişim Kitabı,1,229,229,Kredi Kartı,Tamamlandı
S11559,2026-09-04,M0075,Adana,Kozmetik,Güneş Kremi,1,459,459,Kredi Kartı,Tamamlandı
S11560,2026-09-04,M0454,İzmir,Giyim,Spor Ayakkabı,1,1899,1899,Banka Kartı,Tamamlandı
S11561,2026-09-04,M0452,Ankara,Kozmetik,Nemlendirici Krem,1,399,399,Kredi Kartı,Tamamlandı
S11562,2026-09-04,M0884,Ankara,Elektronik,Tablet,2,8999,17998,Kredi Kartı,Tamamlandı
S11563,2026-09-04,M0641,Antalya,Kitap,Kişisel Gelişim Kitabı,3,229,687,Kapıda Ödeme,Tamamlandı
S11563,2026-09-04,M0641,Antalya,Kozmetik,Parfüm,3,1599,4797,Kapıda Ödeme,Tamamlandı
S11563,2026-09-04,M0641,Antalya,Giyim,Kazak,1,749,749,Kapıda Ödeme,Tamamlandı
S11564,2026-09-04,M0092,Konya,Kozmetik,Parfüm,1,1599,1599,Kapıda Ödeme,Tamamlandı
S11565,2026-09-04,M0112,Ankara,Elektronik,Oyuncu Kulaklığı,3,1899,5697,Kapıda Ödeme,Tamamlandı
S11566,2026-09-04,M0081,İzmir,Kozmetik,Parfüm,1,1599,1599,Kredi Kartı,Tamamlandı
S11567,2026-09-04,M0136,Ankara,Giyim,Kot Pantolon,1,899,899,Kredi Kartı,Tamamlandı
S11567,2026-09-04,M0136,Ankara,Ev Yaşam,Nevresim Takımı,1,1149,1149,Kredi Kartı,Tamamlandı
S11567,2026-09-04,M0136,Ankara,Elektronik,Oyuncu Mouse,1,899,899,Kredi Kartı,Tamamlandı
S11568,2026-09-05,M0302,Ankara,Giyim,Kazak,1,749,749,Kapıda Ödeme,Tamamlandı
S11569,2026-09-05,M0257,Antalya,Kitap,Çocuk Kitabı,2,149,298,Kredi Kartı,Tamamlandı
S11570,2026-09-05,M0526,İstanbul,Elektronik,Kablosuz Kulaklık,1,1299,1299,Kredi Kartı,Tamamlandı
S11571,2026-09-05,M0550,Antalya,Ev Yaşam,Tencere Seti,1,3299,3299,Kredi Kartı,Tamamlandı
S11572,2026-09-05,M0753,Antalya,Ev Yaşam,Masa Lambası,2,649,1298,Havale/EFT,Tamamlandı
S11572,2026-09-05,M0753,Antalya,Spor,Yoga Matı,1,399,399,Havale/EFT,Tamamlandı
S11573,2026-09-05,M0557,Bursa,Giyim,Spor Ayakkabı,3,1899,0,Kredi Kartı,İade
S11574,2026-09-05,M0805,Bursa,Giyim,Kazak,1,749,749,Kredi Kartı,Tamamlandı
S11574,2026-09-05,M0805,Bursa,Elektronik,Oyuncu Kulaklığı,1,1899,1899,Kredi Kartı,Tamamlandı
S11575,2026-09-05,M0531,Antalya,Giyim,Kot Pantolon,1,899,899,Kredi Kartı,Tamamlandı
S11575,2026-09-05,M0531,Antalya,Spor,Yoga Matı,2,399,798,Kredi Kartı,Tamamlandı
S11576,2026-09-05,M0164,İstanbul,Giyim,Spor Ayakkabı,1,1899,1899,Kredi Kartı,Tamamlandı
S11576,2026-09-05,M0164,İstanbul,Elektronik,Mekanik Klavye,1,2499,2499,Kredi Kartı,Tamamlandı
S11577,2026-09-05,M0536,İzmir,Ev Yaşam,Nevresim Takımı,1,1149,1149,Kapıda Ödeme,Tamamlandı
S11578,2026-09-05,M0609,Konya,Kozmetik,Parfüm,2,1599,3198,Banka Kartı,Tamamlandı
S11579,2026-09-06,M0163,İstanbul,Spor,Koşu Bandı,2,18999,37998,Kapıda Ödeme,Tamamlandı
S11579,2026-09-06,M0163,İstanbul,Spor,Yoga Matı,2,399,798,Kapıda Ödeme,Tamamlandı
S11580,2026-09-06,M0257,Ankara,Kitap,Kişisel Gelişim Kitabı,2,229,458,Kredi Kartı,Tamamlandı
S11581,2026-09-06,M0645,İstanbul,Kozmetik,Şampuan,4,159,636,Kredi Kartı,Tamamlandı
S11582,2026-09-06,M0037,Bursa,Elektronik,Oyuncu Kulaklığı,1,1899,1899,Kredi Kartı,Tamamlandı
S11583,2026-09-06,M0201,İzmir,Kitap,Kişisel Gelişim Kitabı,1,229,229,Kapıda Ödeme,Tamamlandı
S11584,2026-09-06,M0629,İstanbul,Ev Yaşam,Termos,1,449,449,Banka Kartı,Tamamlandı
S11584,2026-09-06,M0629,İstanbul,Kozmetik,Güneş Kremi,1,459,459,Banka Kartı,Tamamlandı
S11584,2026-09-06,M0629,İstanbul,Elektronik,Tablet,1,8999,8999,Banka Kartı,Tamamlandı
S11585,2026-09-06,M0506,Trabzon,Giyim,Tişört,1,349,349,Kredi Kartı,Tamamlandı
S11585,2026-09-06,M0506,Trabzon,Kozmetik,Parfüm,1,1599,1599,Kredi Kartı,Tamamlandı
S11586,2026-09-06,M0031,Bursa,Giyim,Spor Ayakkabı,1,1899,1899,Havale/EFT,Tamamlandı
S11586,2026-09-06,M0031,Bursa,Elektronik,Oyuncu Mouse,1,899,899,Havale/EFT,Tamamlandı
S11587,2026-09-06,M0181,Antalya,Giyim,Kazak,1,749,749,Kredi Kartı,Tamamlandı
S11588,2026-09-06,M0201,İstanbul,Elektronik,Mekanik Klavye,3,2499,7497,Havale/EFT,Tamamlandı
S11588,2026-09-06,M0201,İstanbul,Kozmetik,Güneş Kremi,2,459,918,Havale/EFT,Tamamlandı
S11589,2026-09-06,M0228,Adana,Kitap,Çocuk Kitabı,1,149,149,Kredi Kartı,Tamamlandı
S11589,2026-09-06,M0228,Adana,Elektronik,Oyuncu Mouse,1,899,899,Kredi Kartı,Tamamlandı
S11589,2026-09-06,M0228,Adana,Giyim,Kazak,1,749,749,Kredi Kartı,Tamamlandı
S11590,2026-09-07,M0352,Ankara,Kitap,Roman,2,189,378,Kapıda Ödeme,Tamamlandı
S11591,2026-09-07,M0623,Antalya,Kitap,Kişisel Gelişim Kitabı,1,229,229,Kredi Kartı,Tamamlandı
S11592,2026-09-07,M0375,İstanbul,Kitap,Çocuk Kitabı,1,149,0,Banka Kartı,İade
S11593,2026-09-07,M0329,Antalya,Giyim,Kot Pantolon,1,899,899,Havale/EFT,Tamamlandı
S11594,2026-09-08,M0845,İzmir,Ev Yaşam,Termos,1,449,449,Kapıda Ödeme,Tamamlandı
S11595,2026-09-08,M0722,Ankara,Elektronik,Akıllı Saat,1,3499,3499,Kredi Kartı,Tamamlandı
S11595,2026-09-08,M0722,Ankara,Giyim,Kot Pantolon,2,899,1798,Kredi Kartı,Tamamlandı
S11596,2026-09-08,M0222,Bursa,Spor,Dambıl Seti,2,1249,2498,Kredi Kartı,Tamamlandı
S11596,2026-09-08,M0222,Bursa,Giyim,Tişört,2,349,698,Kredi Kartı,Tamamlandı
S11597,2026-09-08,M0636,İstanbul,Kozmetik,Parfüm,3,1599,4797,Havale/EFT,Tamamlandı
S11597,2026-09-08,M0636,İstanbul,Elektronik,Akıllı Saat,1,3499,3499,Havale/EFT,Tamamlandı
S11598,2026-09-08,M0125,Bursa,Ev Yaşam,Tencere Seti,2,3299,0,Kredi Kartı,İade
S11599,2026-09-08,M0370,İstanbul,Spor,Yoga Matı,1,399,399,Havale/EFT,Tamamlandı
S11600,2026-09-08,M0339,İzmir,Giyim,Kazak,2,749,1498,Kapıda Ödeme,Tamamlandı
S11600,2026-09-08,M0339,İzmir,Giyim,Spor Ayakkabı,1,1899,1899,Kapıda Ödeme,Tamamlandı
S11601,2026-09-08,M0884,İstanbul,Giyim,Spor Ayakkabı,2,1899,3798,Kredi Kartı,Tamamlandı
S11602,2026-09-08,M0348,Bursa,Spor,Dambıl Seti,2,1249,2498,Kredi Kartı,Tamamlandı
S11603,2026-09-08,M0515,İstanbul,Kitap,Çocuk Kitabı,1,149,149,Kapıda Ödeme,Tamamlandı
S11603,2026-09-08,M0515,İstanbul,Elektronik,Tablet,3,8999,26997,Kapıda Ödeme,Tamamlandı
S11603,2026-09-08,M0515,İstanbul,Spor,Yoga Matı,1,399,399,Kapıda Ödeme,Tamamlandı
S11604,2026-09-09,M0238,İstanbul,Spor,Koşu Bandı,1,18999,18999,Kredi Kartı,Tamamlandı
S11604,2026-09-09,M0238,İstanbul,Giyim,Mont,1,2299,2299,Kredi Kartı,Tamamlandı
S11605,2026-09-09,M0535,İstanbul,Elektronik,Kablosuz Kulaklık,1,1299,1299,Banka Kartı,Tamamlandı
S11606,2026-09-09,M0538,İzmir,Kozmetik,Parfüm,4,1599,6396,Kredi Kartı,Tamamlandı
S11606,2026-09-09,M0538,İzmir,Kitap,Kişisel Gelişim Kitabı,3,229,687,Kredi Kartı,Tamamlandı
S11607,2026-09-09,M0737,Konya,Elektronik,Akıllı Saat,1,3499,3499,Banka Kartı,Tamamlandı
S11608,2026-09-09,M0172,Konya,Elektronik,Mekanik Klavye,2,2499,4998,Kredi Kartı,Tamamlandı
S11608,2026-09-09,M0172,Konya,Spor,Yoga Matı,1,399,399,Kredi Kartı,Tamamlandı
S11608,2026-09-09,M0172,Konya,Elektronik,Oyuncu Mouse,3,899,2697,Kredi Kartı,Tamamlandı
S11609,2026-09-10,M0061,Ankara,Giyim,Mont,1,2299,2299,Kredi Kartı,Tamamlandı
S11610,2026-09-10,M0475,Ankara,Giyim,Spor Ayakkabı,2,1899,3798,Kredi Kartı,Tamamlandı
S11610,2026-09-10,M0475,Ankara,Elektronik,Akıllı Saat,1,3499,3499,Kredi Kartı,Tamamlandı
S11611,2026-09-10,M0372,İzmir,Elektronik,Bluetooth Hoparlör,1,1799,1799,Kredi Kartı,Tamamlandı
S11612,2026-09-10,M0093,Ankara,Ev Yaşam,Tencere Seti,1,3299,3299,Havale/EFT,Tamamlandı
S11612,2026-09-10,M0093,Ankara,Giyim,Tişört,1,349,349,Havale/EFT,Tamamlandı
S11613,2026-09-10,M0124,İzmir,Elektronik,Bluetooth Hoparlör,2,1799,3598,Kredi Kartı,Tamamlandı
S11614,2026-09-10,M0579,İzmir,Kitap,Roman,1,189,189,Kapıda Ödeme,Tamamlandı
S11614,2026-09-10,M0579,İzmir,Ev Yaşam,Masa Lambası,2,649,1298,Kapıda Ödeme,Tamamlandı
S11614,2026-09-10,M0579,İzmir,Kitap,Çocuk Kitabı,2,149,298,Kapıda Ödeme,Tamamlandı
S11615,2026-09-11,M0600,İstanbul,Elektronik,Oyuncu Kulaklığı,1,1899,1899,Kredi Kartı,Tamamlandı
S11616,2026-09-11,M0251,Antalya,Giyim,Kazak,1,749,749,Havale/EFT,Tamamlandı
S11617,2026-09-11,M0743,İzmir,Giyim,Kazak,1,749,749,Banka Kartı,Tamamlandı
S11617,2026-09-11,M0743,İzmir,Ev Yaşam,Nevresim Takımı,1,1149,1149,Banka Kartı,Tamamlandı
S11618,2026-09-11,M0794,Ankara,Kitap,Kişisel Gelişim Kitabı,2,229,458,Banka Kartı,Tamamlandı
S11619,2026-09-11,M0003,İstanbul,Elektronik,Mekanik Klavye,3,2499,7497,Kredi Kartı,Tamamlandı
S11620,2026-09-11,M0540,Adana,Kozmetik,Güneş Kremi,1,459,459,Banka Kartı,Tamamlandı
S11621,2026-09-12,M0134,İstanbul,Elektronik,Tablet,1,8999,8999,Havale/EFT,Tamamlandı
S11621,2026-09-12,M0134,İstanbul,Spor,Dambıl Seti,1,1249,1249,Havale/EFT,Tamamlandı
S11622,2026-09-12,M0272,Antalya,Kozmetik,Nemlendirici Krem,1,399,399,Kredi Kartı,Tamamlandı
S11622,2026-09-12,M0272,Antalya,Ev Yaşam,Masa Lambası,2,649,1298,Kredi Kartı,Tamamlandı
S11623,2026-09-12,M0900,Ankara,Kozmetik,Nemlendirici Krem,1,399,399,Kredi Kartı,Tamamlandı
S11624,2026-09-12,M0769,Antalya,Elektronik,Oyuncu Kulaklığı,1,1899,1899,Havale/EFT,Tamamlandı
S11625,2026-09-12,M0084,Antalya,Elektronik,Kablosuz Kulaklık,2,1299,2598,Havale/EFT,Tamamlandı
S11626,2026-09-12,M0216,Adana,Elektronik,Tablet,2,8999,17998,Banka Kartı,Tamamlandı
S11626,2026-09-12,M0216,Adana,Kitap,Çocuk Kitabı,2,149,298,Banka Kartı,Tamamlandı
S11626,2026-09-12,M0216,Adana,Elektronik,Mekanik Klavye,1,2499,2499,Banka Kartı,Tamamlandı
S11627,2026-09-12,M0524,İstanbul,Elektronik,Akıllı Saat,1,3499,3499,Banka Kartı,Tamamlandı
S11628,2026-09-12,M0608,Ankara,Giyim,Spor Ayakkabı,2,1899,3798,Banka Kartı,Tamamlandı
S11629,2026-09-12,M0162,İstanbul,Ev Yaşam,Termos,2,449,898,Banka Kartı,Tamamlandı
S11629,2026-09-12,M0162,İstanbul,Ev Yaşam,Masa Lambası,1,649,649,Banka Kartı,Tamamlandı
S11630,2026-09-12,M0413,İstanbul,Kozmetik,Parfüm,1,1599,1599,Kapıda Ödeme,Tamamlandı
S11631,2026-09-12,M0761,Konya,Elektronik,Oyuncu Mouse,2,899,1798,Havale/EFT,Tamamlandı
S11631,2026-09-12,M0761,Konya,Ev Yaşam,Termos,1,449,449,Havale/EFT,Tamamlandı
S11631,2026-09-12,M0761,Konya,Kozmetik,Nemlendirici Krem,3,399,1197,Havale/EFT,Tamamlandı
S11632,2026-09-12,M0796,İzmir,Elektronik,Kablosuz Kulaklık,1,1299,1299,Kredi Kartı,Tamamlandı
S11632,2026-09-12,M0796,İzmir,Giyim,Tişört,3,349,1047,Kredi Kartı,Tamamlandı
S11633,2026-09-13,M0591,Bursa,Giyim,Kot Pantolon,2,899,1798,Kapıda Ödeme,Tamamlandı
S11634,2026-09-13,M0718,Adana,Giyim,Spor Ayakkabı,2,1899,3798,Kapıda Ödeme,Tamamlandı
S11635,2026-09-13,M0002,Antalya,Ev Yaşam,Kahve Makinesi,2,2199,4398,Kredi Kartı,Tamamlandı
S11635,2026-09-13,M0002,Antalya,Elektronik,Kablosuz Kulaklık,4,1299,5196,Kredi Kartı,Tamamlandı
S11636,2026-09-13,M0283,İstanbul,Ev Yaşam,Nevresim Takımı,2,1149,2298,Kapıda Ödeme,Tamamlandı
S11637,2026-09-13,M0867,İstanbul,Kozmetik,Parfüm,4,1599,6396,Kapıda Ödeme,Tamamlandı
S11637,2026-09-13,M0867,İstanbul,Giyim,Mont,1,2299,2299,Kapıda Ödeme,Tamamlandı
S11638,2026-09-13,M0507,İstanbul,Ev Yaşam,Masa Lambası,1,649,649,Kredi Kartı,Tamamlandı
S11638,2026-09-13,M0507,İstanbul,Ev Yaşam,Termos,1,449,449,Kredi Kartı,Tamamlandı
S11639,2026-09-13,M0544,İzmir,Giyim,Kazak,2,749,1498,Kapıda Ödeme,Tamamlandı
S11640,2026-09-13,M0658,İstanbul,Elektronik,Kablosuz Kulaklık,1,1299,1299,Banka Kartı,Tamamlandı
S11640,2026-09-13,M0658,İstanbul,Kitap,Çocuk Kitabı,1,149,149,Banka Kartı,Tamamlandı
S11641,2026-09-13,M0463,Ankara,Elektronik,Bluetooth Hoparlör,2,1799,3598,Havale/EFT,Tamamlandı
S11642,2026-09-13,M0381,İstanbul,Giyim,Kazak,1,749,749,Havale/EFT,Tamamlandı
S11642,2026-09-13,M0381,İstanbul,Ev Yaşam,Kahve Makinesi,1,2199,2199,Havale/EFT,Tamamlandı
S11642,2026-09-13,M0381,İstanbul,Elektronik,Tablet,1,8999,8999,Havale/EFT,Tamamlandı
S11643,2026-09-14,M0423,İzmir,Kozmetik,Parfüm,1,1599,1599,Kredi Kartı,Tamamlandı
S11644,2026-09-14,M0558,İstanbul,Giyim,Kot Pantolon,1,899,899,Kredi Kartı,Tamamlandı
S11644,2026-09-14,M0558,İstanbul,Elektronik,Akıllı Saat,1,3499,3499,Kredi Kartı,Tamamlandı
S11645,2026-09-14,M0521,İstanbul,Ev Yaşam,Nevresim Takımı,1,1149,1149,Kredi Kartı,Tamamlandı
S11646,2026-09-14,M0892,İstanbul,Ev Yaşam,Kahve Makinesi,1,2199,2199,Kapıda Ödeme,Tamamlandı
S11646,2026-09-14,M0892,İstanbul,Elektronik,Kablosuz Kulaklık,1,1299,1299,Kapıda Ödeme,Tamamlandı
S11646,2026-09-14,M0892,İstanbul,Spor,Dambıl Seti,1,1249,1249,Kapıda Ödeme,Tamamlandı
S11647,2026-09-14,M0611,İstanbul,Elektronik,Mekanik Klavye,2,2499,4998,Kredi Kartı,Tamamlandı
S11648,2026-09-14,M0206,İzmir,Kitap,Çocuk Kitabı,2,149,298,Kredi Kartı,Tamamlandı
S11648,2026-09-14,M0206,İzmir,Ev Yaşam,Kahve Makinesi,1,2199,2199,Kredi Kartı,Tamamlandı
S11649,2026-09-14,M0247,Antalya,Elektronik,Oyuncu Kulaklığı,1,1899,1899,Banka Kartı,Tamamlandı
S11650,2026-09-14,M0319,Konya,Elektronik,Kablosuz Kulaklık,1,1299,1299,Banka Kartı,Tamamlandı
S11651,2026-09-15,M0479,İstanbul,Kozmetik,Şampuan,1,159,159,Kredi Kartı,Tamamlandı
S11652,2026-09-15,M0070,Antalya,Kozmetik,Şampuan,1,159,159,Banka Kartı,Tamamlandı
S11652,2026-09-15,M0070,Antalya,Kozmetik,Şampuan,1,159,159,Banka Kartı,Tamamlandı
S11653,2026-09-15,M0262,İzmir,Giyim,Kazak,2,749,1498,Kredi Kartı,Tamamlandı
S11653,2026-09-15,M0262,İzmir,Giyim,Spor Ayakkabı,4,1899,7596,Kredi Kartı,Tamamlandı
S11654,2026-09-15,M0664,İstanbul,Elektronik,Akıllı Saat,1,3499,3499,Kredi Kartı,Tamamlandı
S11655,2026-09-15,M0105,Ankara,Elektronik,Akıllı Saat,1,3499,3499,Kredi Kartı,Tamamlandı
S11656,2026-09-16,M0179,Antalya,Kozmetik,Şampuan,1,159,159,Kredi Kartı,Tamamlandı
S11657,2026-09-16,M0583,Konya,Elektronik,Oyuncu Mouse,3,899,2697,Kapıda Ödeme,Tamamlandı
S11658,2026-09-16,M0442,Adana,Elektronik,Kablosuz Kulaklık,1,1299,1299,Kapıda Ödeme,Tamamlandı
S11659,2026-09-16,M0865,İstanbul,Elektronik,Oyuncu Mouse,1,899,899,Kredi Kartı,Tamamlandı
S11660,2026-09-16,M0643,İstanbul,Ev Yaşam,Tencere Seti,1,3299,3299,Havale/EFT,Tamamlandı
S11660,2026-09-16,M0643,İstanbul,Kozmetik,Şampuan,1,159,159,Havale/EFT,Tamamlandı
S11660,2026-09-16,M0643,İstanbul,Kitap,Kişisel Gelişim Kitabı,3,229,687,Havale/EFT,Tamamlandı
S11661,2026-09-16,M0086,Trabzon,Ev Yaşam,Masa Lambası,4,649,2596,Kapıda Ödeme,Tamamlandı
S11661,2026-09-16,M0086,Trabzon,Ev Yaşam,Tencere Seti,2,3299,6598,Kapıda Ödeme,Tamamlandı
S11662,2026-09-16,M0409,Adana,Kozmetik,Nemlendirici Krem,3,399,1197,Kredi Kartı,Tamamlandı
S11663,2026-09-17,M0526,Bursa,Kitap,Kişisel Gelişim Kitabı,3,229,687,Kredi Kartı,Tamamlandı
S11663,2026-09-17,M0526,Bursa,Elektronik,Kablosuz Kulaklık,1,1299,1299,Kredi Kartı,Tamamlandı
S11663,2026-09-17,M0526,Bursa,Giyim,Spor Ayakkabı,2,1899,3798,Kredi Kartı,Tamamlandı
S11664,2026-09-17,M0194,Ankara,Elektronik,Oyuncu Mouse,1,899,899,Kredi Kartı,Tamamlandı
S11665,2026-09-17,M0512,Bursa,Ev Yaşam,Termos,3,449,1347,Banka Kartı,Tamamlandı
S11665,2026-09-17,M0512,Bursa,Kozmetik,Nemlendirici Krem,3,399,1197,Banka Kartı,Tamamlandı
S11666,2026-09-17,M0869,Ankara,Ev Yaşam,Nevresim Takımı,1,1149,1149,Banka Kartı,Tamamlandı
S11667,2026-09-17,M0091,Antalya,Elektronik,Oyuncu Kulaklığı,2,1899,3798,Kredi Kartı,Tamamlandı
S11668,2026-09-17,M0291,Bursa,Giyim,Spor Ayakkabı,1,1899,1899,Havale/EFT,Tamamlandı
S11669,2026-09-17,M0472,İzmir,Kozmetik,Parfüm,2,1599,3198,Havale/EFT,Tamamlandı
S11669,2026-09-17,M0472,İzmir,Kitap,Çocuk Kitabı,1,149,149,Havale/EFT,Tamamlandı
S11670,2026-09-17,M0393,İzmir,Giyim,Mont,1,2299,2299,Banka Kartı,Tamamlandı
S11670,2026-09-17,M0393,İzmir,Ev Yaşam,Kahve Makinesi,1,2199,2199,Banka Kartı,Tamamlandı
S11670,2026-09-17,M0393,İzmir,Elektronik,Oyuncu Kulaklığı,1,1899,1899,Banka Kartı,Tamamlandı
S11671,2026-09-17,M0646,Ankara,Ev Yaşam,Termos,2,449,898,Kredi Kartı,Tamamlandı
S11672,2026-09-18,M0514,İstanbul,Kitap,Kişisel Gelişim Kitabı,1,229,229,Kredi Kartı,Tamamlandı
S11673,2026-09-18,M0540,Ankara,Kozmetik,Parfüm,1,1599,1599,Banka Kartı,Tamamlandı
S11674,2026-09-18,M0850,İstanbul,Giyim,Spor Ayakkabı,4,1899,7596,Havale/EFT,Tamamlandı
S11674,2026-09-18,M0850,İstanbul,Elektronik,Tablet,1,8999,8999,Havale/EFT,Tamamlandı
S11674,2026-09-18,M0850,İstanbul,Giyim,Tişört,1,349,0,Havale/EFT,İade
S11675,2026-09-18,M0192,Trabzon,Ev Yaşam,Kahve Makinesi,1,2199,2199,Kredi Kartı,Tamamlandı
S11676,2026-09-18,M0023,Adana,Kozmetik,Nemlendirici Krem,1,399,399,Kredi Kartı,Tamamlandı
S11676,2026-09-18,M0023,Adana,Giyim,Spor Ayakkabı,3,1899,5697,Kredi Kartı,Tamamlandı
S11676,2026-09-18,M0023,Adana,Giyim,Spor Ayakkabı,1,1899,1899,Kredi Kartı,Tamamlandı
S11677,2026-09-18,M0482,Antalya,Kozmetik,Güneş Kremi,1,459,459,Kredi Kartı,Tamamlandı
S11677,2026-09-18,M0482,Antalya,Ev Yaşam,Masa Lambası,2,649,1298,Kredi Kartı,Tamamlandı
S11677,2026-09-18,M0482,Antalya,Kitap,Çocuk Kitabı,2,149,298,Kredi Kartı,Tamamlandı
S11678,2026-09-19,M0565,İstanbul,Giyim,Kazak,1,749,749,Kredi Kartı,Tamamlandı
S11679,2026-09-19,M0335,İzmir,Kitap,Kişisel Gelişim Kitabı,1,229,229,Kapıda Ödeme,Tamamlandı
S11679,2026-09-19,M0335,İzmir,Spor,Yoga Matı,4,399,1596,Kapıda Ödeme,Tamamlandı
S11680,2026-09-19,M0634,İzmir,Ev Yaşam,Masa Lambası,2,649,1298,Kredi Kartı,Tamamlandı
S11681,2026-09-19,M0603,İstanbul,Elektronik,Oyuncu Mouse,2,899,1798,Kredi Kartı,Tamamlandı
S11681,2026-09-19,M0603,İstanbul,Elektronik,Oyuncu Mouse,1,899,899,Kredi Kartı,Tamamlandı
S11682,2026-09-19,M0714,Konya,Elektronik,Bluetooth Hoparlör,1,1799,1799,Havale/EFT,Tamamlandı
S11683,2026-09-19,M0233,Antalya,Spor,Yoga Matı,1,399,399,Kredi Kartı,Tamamlandı
S11683,2026-09-19,M0233,Antalya,Kozmetik,Parfüm,1,1599,1599,Kredi Kartı,Tamamlandı
S11684,2026-09-19,M0382,İzmir,Elektronik,Oyuncu Mouse,1,899,899,Kredi Kartı,Tamamlandı
S11685,2026-09-19,M0306,İzmir,Giyim,Mont,1,2299,2299,Banka Kartı,Tamamlandı
S11686,2026-09-19,M0805,Adana,Giyim,Tişört,1,349,349,Havale/EFT,Tamamlandı
S11686,2026-09-19,M0805,Adana,Elektronik,Tablet,3,8999,26997,Havale/EFT,Tamamlandı
S11687,2026-09-19,M0886,Ankara,Kitap,Kişisel Gelişim Kitabı,2,229,458,Havale/EFT,Tamamlandı
S11688,2026-09-20,M0801,Ankara,Giyim,Spor Ayakkabı,1,1899,1899,Banka Kartı,Tamamlandı
S11689,2026-09-20,M0391,Antalya,Giyim,Spor Ayakkabı,1,1899,1899,Havale/EFT,Tamamlandı
S11690,2026-09-20,M0343,İzmir,Elektronik,Oyuncu Kulaklığı,1,1899,1899,Kredi Kartı,Tamamlandı
S11690,2026-09-20,M0343,İzmir,Elektronik,Mekanik Klavye,1,2499,2499,Kredi Kartı,Tamamlandı
S11690,2026-09-20,M0343,İzmir,Ev Yaşam,Tencere Seti,1,3299,3299,Kredi Kartı,Tamamlandı
S11691,2026-09-20,M0319,Ankara,Giyim,Kot Pantolon,1,899,899,Havale/EFT,Tamamlandı
S11691,2026-09-20,M0319,Ankara,Elektronik,Akıllı Saat,4,3499,13996,Havale/EFT,Tamamlandı
S11692,2026-09-20,M0258,İzmir,Elektronik,Tablet,4,8999,0,Kredi Kartı,İade
S11693,2026-09-20,M0486,İzmir,Ev Yaşam,Termos,1,449,449,Kapıda Ödeme,Tamamlandı
S11694,2026-09-20,M0592,İzmir,Spor,Yoga Matı,2,399,798,Kapıda Ödeme,Tamamlandı
S11695,2026-09-20,M0736,Ankara,Spor,Yoga Matı,2,399,798,Kredi Kartı,Tamamlandı
S11696,2026-09-20,M0055,İstanbul,Kitap,Kişisel Gelişim Kitabı,1,229,229,Kredi Kartı,Tamamlandı
S11696,2026-09-20,M0055,İstanbul,Kozmetik,Güneş Kremi,1,459,459,Kredi Kartı,Tamamlandı
S11697,2026-09-20,M0359,Trabzon,Giyim,Tişört,1,349,349,Banka Kartı,Tamamlandı
S11698,2026-09-21,M0571,Bursa,Giyim,Spor Ayakkabı,4,1899,7596,Kredi Kartı,Tamamlandı
S11699,2026-09-21,M0033,Bursa,Giyim,Spor Ayakkabı,1,1899,1899,Kredi Kartı,Tamamlandı
S11700,2026-09-21,M0202,Adana,Elektronik,Oyuncu Kulaklığı,4,1899,7596,Kredi Kartı,Tamamlandı
S11701,2026-09-21,M0551,İzmir,Kozmetik,Şampuan,2,159,318,Banka Kartı,Tamamlandı
S11701,2026-09-21,M0551,İzmir,Ev Yaşam,Masa Lambası,2,649,1298,Banka Kartı,Tamamlandı
S11701,2026-09-21,M0551,İzmir,Giyim,Spor Ayakkabı,2,1899,3798,Banka Kartı,Tamamlandı
S11702,2026-09-21,M0032,İstanbul,Kozmetik,Güneş Kremi,3,459,1377,Havale/EFT,Tamamlandı
S11703,2026-09-21,M0013,İzmir,Ev Yaşam,Nevresim Takımı,1,1149,1149,Kredi Kartı,Tamamlandı
S11703,2026-09-21,M0013,İzmir,Giyim,Spor Ayakkabı,1,1899,1899,Kredi Kartı,Tamamlandı
S11704,2026-09-21,M0812,Trabzon,Spor,Yoga Matı,3,399,1197,Kredi Kartı,Tamamlandı
S11705,2026-09-21,M0236,Adana,Spor,Dambıl Seti,2,1249,2498,Kredi Kartı,Tamamlandı
S11705,2026-09-21,M0236,Adana,Kozmetik,Nemlendirici Krem,1,399,399,Kredi Kartı,Tamamlandı
S11706,2026-09-22,M0354,Trabzon,Kozmetik,Nemlendirici Krem,1,399,399,Kredi Kartı,Tamamlandı
S11707,2026-09-22,M0545,İstanbul,Elektronik,Oyuncu Mouse,1,899,899,Kredi Kartı,Tamamlandı
S11708,2026-09-22,M0566,İstanbul,Kitap,Çocuk Kitabı,1,149,149,Banka Kartı,Tamamlandı
S11708,2026-09-22,M0566,İstanbul,Elektronik,Bluetooth Hoparlör,4,1799,7196,Banka Kartı,Tamamlandı
S11709,2026-09-22,M0262,Adana,Ev Yaşam,Termos,1,449,449,Banka Kartı,Tamamlandı
S11709,2026-09-22,M0262,Adana,Elektronik,Oyuncu Kulaklığı,2,1899,3798,Banka Kartı,Tamamlandı
S11710,2026-09-22,M0323,Ankara,Elektronik,Tablet,2,8999,17998,Banka Kartı,Tamamlandı
S11710,2026-09-22,M0323,Ankara,Giyim,Kazak,2,749,1498,Banka Kartı,Tamamlandı
S11711,2026-09-22,M0554,Bursa,Giyim,Kazak,2,749,1498,Kredi Kartı,Tamamlandı
S11712,2026-09-22,M0607,Ankara,Spor,Yoga Matı,1,399,399,Kredi Kartı,Tamamlandı
S11713,2026-09-22,M0563,Ankara,Kitap,Kişisel Gelişim Kitabı,4,229,916,Kredi Kartı,Tamamlandı
S11713,2026-09-22,M0563,Ankara,Ev Yaşam,Kahve Makinesi,1,2199,2199,Kredi Kartı,Tamamlandı
S11714,2026-09-22,M0172,İstanbul,Elektronik,Mekanik Klavye,1,2499,2499,Kredi Kartı,Tamamlandı
S11715,2026-09-22,M0535,Ankara,Kitap,Kişisel Gelişim Kitabı,2,229,458,Kredi Kartı,Tamamlandı
S11716,2026-09-23,M0572,Konya,Elektronik,Bluetooth Hoparlör,2,1799,3598,Banka Kartı,Tamamlandı
S11716,2026-09-23,M0572,Konya,Giyim,Kot Pantolon,1,899,899,Banka Kartı,Tamamlandı
S11717,2026-09-23,M0567,İstanbul,Kitap,Kişisel Gelişim Kitabı,2,229,458,Kredi Kartı,Tamamlandı
S11718,2026-09-23,M0283,Ankara,Kozmetik,Parfüm,1,1599,1599,Havale/EFT,Tamamlandı
S11718,2026-09-23,M0283,Ankara,Ev Yaşam,Tencere Seti,2,3299,6598,Havale/EFT,Tamamlandı
S11719,2026-09-23,M0204,Bursa,Kozmetik,Güneş Kremi,1,459,459,Kapıda Ödeme,Tamamlandı
S11720,2026-09-23,M0286,Konya,Ev Yaşam,Kahve Makinesi,1,2199,2199,Kapıda Ödeme,Tamamlandı
S11721,2026-09-23,M0447,Ankara,Giyim,Kot Pantolon,3,899,2697,Havale/EFT,Tamamlandı
S11722,2026-09-24,M0726,İstanbul,Giyim,Mont,2,2299,4598,Havale/EFT,Tamamlandı
S11722,2026-09-24,M0726,İstanbul,Elektronik,Oyuncu Mouse,3,899,2697,Havale/EFT,Tamamlandı
S11722,2026-09-24,M0726,İstanbul,Kozmetik,Nemlendirici Krem,1,399,0,Havale/EFT,İade
S11723,2026-09-24,M0792,İzmir,Elektronik,Bluetooth Hoparlör,1,1799,1799,Kredi Kartı,Tamamlandı
S11724,2026-09-24,M0579,İzmir,Spor,Dambıl Seti,1,1249,1249,Kredi Kartı,Tamamlandı
S11724,2026-09-24,M0579,İzmir,Ev Yaşam,Masa Lambası,1,649,649,Kredi Kartı,Tamamlandı
S11725,2026-09-24,M0699,Bursa,Giyim,Mont,1,2299,2299,Kredi Kartı,Tamamlandı
S11725,2026-09-24,M0699,Bursa,Ev Yaşam,Kahve Makinesi,1,2199,2199,Kredi Kartı,Tamamlandı
S11726,2026-09-24,M0710,İzmir,Elektronik,Oyuncu Kulaklığı,2,1899,3798,Kredi Kartı,Tamamlandı
S11726,2026-09-24,M0710,İzmir,Spor,Dambıl Seti,1,1249,1249,Kredi Kartı,Tamamlandı
S11726,2026-09-24,M0710,İzmir,Elektronik,Kablosuz Kulaklık,4,1299,5196,Kredi Kartı,Tamamlandı
